"probe_at_utc","http_status","action","n_records","feed_last_updated"
"2026-09-01T00:00:25",304,"unchanged",NA,NA
"2026-09-01T00:00:55",304,"unchanged",NA,NA
"2026-09-01T00:01:25",304,"unchanged",NA,NA
"2026-09-01T00:01:55",304,"unchanged",NA,NA
"2026-09-01T00:02:25",304,"unchanged",NA,NA
"2026-09-01T00:02:55",304,"unchanged",NA,NA
"2026-09-01T00:03:25",304,"unchanged",NA,NA
"2026-09-01T00:03:55",304,"unchanged",NA,NA
"2026-09-01T00:04:25",304,"unchanged",NA,NA
"2026-09-01T00:04:55",304,"unchanged",NA,NA
"2026-09-01T00:05:25",200,"written",272,"2026-09-01T00:00:06"
"2026-09-01T00:05:55",304,"unchanged",NA,NA
"2026-09-01T00:06:25",304,"unchanged",NA,NA
"2026-09-01T00:06:55",304,"unchanged",NA,NA
"2026-09-01T00:07:25",304,"unchanged",NA,NA
"2026-09-01T00:07:55",304,"unchanged",NA,NA
"2026-09-01T00:08:25",304,"unchanged",NA,NA
"2026-09-01T00:08:55",304,"unchanged",NA,NA
"2026-09-01T00:09:25",304,"unchanged",NA,NA
"2026-09-01T00:09:55",304,"unchanged",NA,NA
"2026-09-01T00:10:25",304,"unchanged",NA,NA
"2026-09-01T00:10:55",304,"unchanged",NA,NA
"2026-09-01T00:11:25",304,"unchanged",NA,NA
"2026-09-01T00:11:55",304,"unchanged",NA,NA
"2026-09-01T00:12:25",304,"unchanged",NA,NA
"2026-09-01T00:12:55",304,"unchanged",NA,NA
"2026-09-01T00:13:25",304,"unchanged",NA,NA
"2026-09-01T00:13:55",304,"unchanged",NA,NA
"2026-09-01T00:14:25",304,"unchanged",NA,NA
"2026-09-01T00:14:55",304,"unchanged",NA,NA
"2026-09-01T00:15:25",304,"unchanged",NA,NA
"2026-09-01T00:15:55",304,"unchanged",NA,NA
"2026-09-01T00:16:25",304,"unchanged",NA,NA
"2026-09-01T00:16:55",304,"unchanged",NA,NA
"2026-09-01T00:17:25",304,"unchanged",NA,NA
"2026-09-01T00:17:55",304,"unchanged",NA,NA
"2026-09-01T00:18:25",304,"unchanged",NA,NA
"2026-09-01T00:18:55",304,"unchanged",NA,NA
"2026-09-01T00:19:25",304,"unchanged",NA,NA
"2026-09-01T00:19:55",304,"unchanged",NA,NA
"2026-09-01T00:20:25",304,"unchanged",NA,NA
"2026-09-01T00:20:55",304,"unchanged",NA,NA
"2026-09-01T00:21:25",304,"unchanged",NA,NA
"2026-09-01T00:21:55",304,"unchanged",NA,NA
"2026-09-01T00:22:25",304,"unchanged",NA,NA
"2026-09-01T00:22:55",304,"unchanged",NA,NA
"2026-09-01T00:23:25",304,"unchanged",NA,NA
"2026-09-01T00:23:55",304,"unchanged",NA,NA
"2026-09-01T00:24:25",304,"unchanged",NA,NA
"2026-09-01T00:24:55",304,"unchanged",NA,NA
"2026-09-01T00:25:25",304,"unchanged",NA,NA
"2026-09-01T00:25:55",304,"unchanged",NA,NA
"2026-09-01T00:26:25",304,"unchanged",NA,NA
"2026-09-01T00:26:55",304,"unchanged",NA,NA
"2026-09-01T00:27:25",304,"unchanged",NA,NA
"2026-09-01T00:27:55",304,"unchanged",NA,NA
"2026-09-01T00:28:25",304,"unchanged",NA,NA
"2026-09-01T00:28:55",304,"unchanged",NA,NA
"2026-09-01T00:29:25",304,"unchanged",NA,NA
"2026-09-01T00:29:55",304,"unchanged",NA,NA
"2026-09-01T00:30:25",200,"written",272,"2026-09-01T00:15:05"
"2026-09-01T00:30:55",304,"unchanged",NA,NA
"2026-09-01T00:31:25",304,"unchanged",NA,NA
"2026-09-01T00:31:55",304,"unchanged",NA,NA
"2026-09-01T00:32:25",304,"unchanged",NA,NA
"2026-09-01T00:32:55",304,"unchanged",NA,NA
"2026-09-01T00:33:25",304,"unchanged",NA,NA
"2026-09-01T00:33:55",304,"unchanged",NA,NA
"2026-09-01T00:34:25",304,"unchanged",NA,NA
"2026-09-01T00:34:55",304,"unchanged",NA,NA
"2026-09-01T00:35:25",304,"unchanged",NA,NA
"2026-09-01T00:35:55",304,"unchanged",NA,NA
"2026-09-01T00:36:25",304,"unchanged",NA,NA
"2026-09-01T00:36:55",304,"unchanged",NA,NA
"2026-09-01T00:37:25",304,"unchanged",NA,NA
"2026-09-01T00:37:55",304,"unchanged",NA,NA
"2026-09-01T00:38:25",304,"unchanged",NA,NA
"2026-09-01T00:38:55",304,"unchanged",NA,NA
"2026-09-01T00:39:25",304,"unchanged",NA,NA
"2026-09-01T00:39:55",304,"unchanged",NA,NA
"2026-09-01T00:40:25",304,"unchanged",NA,NA
"2026-09-01T00:40:55",304,"unchanged",NA,NA
"2026-09-01T00:41:25",304,"unchanged",NA,NA
"2026-09-01T00:41:55",304,"unchanged",NA,NA
"2026-09-01T00:42:25",304,"unchanged",NA,NA
"2026-09-01T00:42:55",304,"unchanged",NA,NA
"2026-09-01T00:43:25",304,"unchanged",NA,NA
"2026-09-01T00:43:55",304,"unchanged",NA,NA
"2026-09-01T00:44:25",304,"unchanged",NA,NA
"2026-09-01T00:44:55",304,"unchanged",NA,NA
"2026-09-01T00:45:25",304,"unchanged",NA,NA
"2026-09-01T00:45:55",304,"unchanged",NA,NA
"2026-09-01T00:46:25",304,"unchanged",NA,NA
"2026-09-01T00:46:55",304,"unchanged",NA,NA
"2026-09-01T00:47:25",304,"unchanged",NA,NA
"2026-09-01T00:47:55",304,"unchanged",NA,NA
"2026-09-01T00:48:25",304,"unchanged",NA,NA
"2026-09-01T00:48:55",304,"unchanged",NA,NA
"2026-09-01T00:49:25",304,"unchanged",NA,NA
"2026-09-01T00:49:55",304,"unchanged",NA,NA
"2026-09-01T00:50:25",304,"unchanged",NA,NA
"2026-09-01T00:50:55",304,"unchanged",NA,NA
"2026-09-01T00:51:25",304,"unchanged",NA,NA
"2026-09-01T00:51:55",304,"unchanged",NA,NA
"2026-09-01T00:52:25",304,"unchanged",NA,NA
"2026-09-01T00:52:55",304,"unchanged",NA,NA
"2026-09-01T00:53:25",304,"unchanged",NA,NA
"2026-09-01T00:53:55",304,"unchanged",NA,NA
"2026-09-01T00:54:25",304,"unchanged",NA,NA
"2026-09-01T00:54:55",304,"unchanged",NA,NA
"2026-09-01T00:55:25",304,"unchanged",NA,NA
"2026-09-01T00:55:55",304,"unchanged",NA,NA
"2026-09-01T00:56:25",304,"unchanged",NA,NA
"2026-09-01T00:56:55",304,"unchanged",NA,NA
"2026-09-01T00:57:25",304,"unchanged",NA,NA
"2026-09-01T00:57:55",304,"unchanged",NA,NA
"2026-09-01T00:58:25",304,"unchanged",NA,NA
"2026-09-01T00:58:55",304,"unchanged",NA,NA
"2026-09-01T00:59:25",304,"unchanged",NA,NA
"2026-09-01T00:59:55",304,"unchanged",NA,NA
"2026-09-01T01:00:25",304,"unchanged",NA,NA
"2026-09-01T01:00:55",304,"unchanged",NA,NA
"2026-09-01T01:01:25",304,"unchanged",NA,NA
"2026-09-01T01:01:55",304,"unchanged",NA,NA
"2026-09-01T01:02:25",200,"written",272,"2026-08-31T23:00:06"
"2026-09-01T01:02:55",304,"unchanged",NA,NA
"2026-09-01T01:03:25",304,"unchanged",NA,NA
"2026-09-01T01:03:55",304,"unchanged",NA,NA
"2026-09-01T01:04:25",304,"unchanged",NA,NA
"2026-09-01T01:04:55",304,"unchanged",NA,NA
"2026-09-01T01:05:25",304,"unchanged",NA,NA
"2026-09-01T01:05:55",304,"unchanged",NA,NA
"2026-09-01T01:06:25",304,"unchanged",NA,NA
"2026-09-01T01:06:55",304,"unchanged",NA,NA
"2026-09-01T01:07:25",304,"unchanged",NA,NA
"2026-09-01T01:07:55",304,"unchanged",NA,NA
"2026-09-01T01:08:25",304,"unchanged",NA,NA
"2026-09-01T01:08:55",304,"unchanged",NA,NA
"2026-09-01T01:09:25",304,"unchanged",NA,NA
"2026-09-01T01:09:55",304,"unchanged",NA,NA
"2026-09-01T01:10:25",304,"unchanged",NA,NA
"2026-09-01T01:10:55",304,"unchanged",NA,NA
"2026-09-01T01:11:25",304,"unchanged",NA,NA
"2026-09-01T01:11:55",304,"unchanged",NA,NA
"2026-09-01T01:12:25",304,"unchanged",NA,NA
"2026-09-01T01:12:55",304,"unchanged",NA,NA
"2026-09-01T01:13:25",304,"unchanged",NA,NA
"2026-09-01T01:13:55",304,"unchanged",NA,NA
"2026-09-01T01:14:25",304,"unchanged",NA,NA
"2026-09-01T01:14:55",304,"unchanged",NA,NA
"2026-09-01T01:15:25",304,"unchanged",NA,NA
"2026-09-01T01:15:55",304,"unchanged",NA,NA
"2026-09-01T01:16:25",304,"unchanged",NA,NA
"2026-09-01T01:16:55",304,"unchanged",NA,NA
"2026-09-01T01:17:25",304,"unchanged",NA,NA
"2026-09-01T01:17:55",304,"unchanged",NA,NA
"2026-09-01T01:18:25",304,"unchanged",NA,NA
"2026-09-01T01:18:55",304,"unchanged",NA,NA
"2026-09-01T01:19:25",200,"written",272,"2026-09-01T01:15:05"
"2026-09-01T01:19:55",304,"unchanged",NA,NA
"2026-09-01T01:20:25",304,"unchanged",NA,NA
"2026-09-01T01:20:55",304,"unchanged",NA,NA
"2026-09-01T01:21:25",304,"unchanged",NA,NA
"2026-09-01T01:21:55",304,"unchanged",NA,NA
"2026-09-01T01:22:25",304,"unchanged",NA,NA
"2026-09-01T01:22:55",304,"unchanged",NA,NA
"2026-09-01T01:23:25",304,"unchanged",NA,NA
"2026-09-01T01:23:55",304,"unchanged",NA,NA
"2026-09-01T01:24:25",304,"unchanged",NA,NA
"2026-09-01T01:24:55",304,"unchanged",NA,NA
"2026-09-01T01:25:25",304,"unchanged",NA,NA
"2026-09-01T01:25:55",304,"unchanged",NA,NA
"2026-09-01T01:26:25",304,"unchanged",NA,NA
"2026-09-01T01:26:55",304,"unchanged",NA,NA
"2026-09-01T01:27:25",304,"unchanged",NA,NA
"2026-09-01T01:27:55",304,"unchanged",NA,NA
"2026-09-01T01:28:25",304,"unchanged",NA,NA
"2026-09-01T01:28:55",304,"unchanged",NA,NA
"2026-09-01T01:29:25",304,"unchanged",NA,NA
"2026-09-01T01:29:55",304,"unchanged",NA,NA
"2026-09-01T01:30:25",304,"unchanged",NA,NA
"2026-09-01T01:30:55",304,"unchanged",NA,NA
"2026-09-01T01:31:25",304,"unchanged",NA,NA
"2026-09-01T01:31:55",304,"unchanged",NA,NA
"2026-09-01T01:32:25",304,"unchanged",NA,NA
"2026-09-01T01:32:55",304,"unchanged",NA,NA
"2026-09-01T01:33:25",304,"unchanged",NA,NA
"2026-09-01T01:33:55",304,"unchanged",NA,NA
"2026-09-01T01:34:25",304,"unchanged",NA,NA
"2026-09-01T01:34:55",304,"unchanged",NA,NA
"2026-09-01T01:35:25",304,"unchanged",NA,NA
"2026-09-01T01:35:55",304,"unchanged",NA,NA
"2026-09-01T01:36:25",200,"written",272,"2026-09-01T00:45:05"
"2026-09-01T01:36:55",304,"unchanged",NA,NA
"2026-09-01T01:37:25",304,"unchanged",NA,NA
"2026-09-01T01:37:55",304,"unchanged",NA,NA
"2026-09-01T01:38:25",304,"unchanged",NA,NA
"2026-09-01T01:38:55",304,"unchanged",NA,NA
"2026-09-01T01:39:25",304,"unchanged",NA,NA
"2026-09-01T01:39:55",304,"unchanged",NA,NA
"2026-09-01T01:40:25",304,"unchanged",NA,NA
"2026-09-01T01:40:55",304,"unchanged",NA,NA
"2026-09-01T01:41:25",304,"unchanged",NA,NA
"2026-09-01T01:41:55",304,"unchanged",NA,NA
"2026-09-01T01:42:25",304,"unchanged",NA,NA
"2026-09-01T01:42:55",304,"unchanged",NA,NA
"2026-09-01T01:43:25",304,"unchanged",NA,NA
"2026-09-01T01:43:55",304,"unchanged",NA,NA
"2026-09-01T01:44:25",304,"unchanged",NA,NA
"2026-09-01T01:44:55",304,"unchanged",NA,NA
"2026-09-01T01:45:25",304,"unchanged",NA,NA
"2026-09-01T01:45:55",304,"unchanged",NA,NA
"2026-09-01T01:46:25",304,"unchanged",NA,NA
"2026-09-01T01:46:55",304,"unchanged",NA,NA
"2026-09-01T01:47:25",304,"unchanged",NA,NA
"2026-09-01T01:47:55",304,"unchanged",NA,NA
"2026-09-01T01:48:25",304,"unchanged",NA,NA
"2026-09-01T01:48:55",304,"unchanged",NA,NA
"2026-09-01T01:49:25",304,"unchanged",NA,NA
"2026-09-01T01:49:55",304,"unchanged",NA,NA
"2026-09-01T01:50:25",304,"unchanged",NA,NA
"2026-09-01T01:50:55",304,"unchanged",NA,NA
"2026-09-01T01:51:25",304,"unchanged",NA,NA
"2026-09-01T01:51:55",304,"unchanged",NA,NA
"2026-09-01T01:52:25",304,"unchanged",NA,NA
"2026-09-01T01:52:55",304,"unchanged",NA,NA
"2026-09-01T01:53:25",304,"unchanged",NA,NA
"2026-09-01T01:53:55",304,"unchanged",NA,NA
"2026-09-01T01:54:25",304,"unchanged",NA,NA
"2026-09-01T01:54:55",304,"unchanged",NA,NA
"2026-09-01T01:55:25",304,"unchanged",NA,NA
"2026-09-01T01:55:55",304,"unchanged",NA,NA
"2026-09-01T01:56:25",304,"unchanged",NA,NA
"2026-09-01T01:56:55",304,"unchanged",NA,NA
"2026-09-01T01:57:25",304,"unchanged",NA,NA
"2026-09-01T01:57:55",304,"unchanged",NA,NA
"2026-09-01T01:58:25",304,"unchanged",NA,NA
"2026-09-01T01:58:55",304,"unchanged",NA,NA
"2026-09-01T01:59:25",304,"unchanged",NA,NA
"2026-09-01T01:59:55",304,"unchanged",NA,NA
"2026-09-01T02:00:25",304,"unchanged",NA,NA
"2026-09-01T02:00:55",304,"unchanged",NA,NA
"2026-09-01T02:01:25",304,"unchanged",NA,NA
"2026-09-01T02:01:55",304,"unchanged",NA,NA
"2026-09-01T02:02:25",304,"unchanged",NA,NA
"2026-09-01T02:02:55",304,"unchanged",NA,NA
"2026-09-01T02:03:25",304,"unchanged",NA,NA
"2026-09-01T02:03:55",304,"unchanged",NA,NA
"2026-09-01T02:04:25",304,"unchanged",NA,NA
"2026-09-01T02:04:55",304,"unchanged",NA,NA
"2026-09-01T02:05:25",304,"unchanged",NA,NA
"2026-09-01T02:05:55",304,"unchanged",NA,NA
"2026-09-01T02:06:25",304,"unchanged",NA,NA
"2026-09-01T02:06:55",304,"unchanged",NA,NA
"2026-09-01T02:07:25",304,"unchanged",NA,NA
"2026-09-01T02:07:55",304,"unchanged",NA,NA
"2026-09-01T02:08:25",200,"written",272,"2026-09-01T02:00:05"
"2026-09-01T02:08:55",304,"unchanged",NA,NA
"2026-09-01T02:09:25",304,"unchanged",NA,NA
"2026-09-01T02:09:55",304,"unchanged",NA,NA
"2026-09-01T02:10:25",304,"unchanged",NA,NA
"2026-09-01T02:10:55",304,"unchanged",NA,NA
"2026-09-01T02:11:25",304,"unchanged",NA,NA
"2026-09-01T02:11:55",304,"unchanged",NA,NA
"2026-09-01T02:12:25",304,"unchanged",NA,NA
"2026-09-01T02:12:55",304,"unchanged",NA,NA
"2026-09-01T02:13:25",304,"unchanged",NA,NA
"2026-09-01T02:13:55",304,"unchanged",NA,NA
"2026-09-01T02:14:25",304,"unchanged",NA,NA
"2026-09-01T02:14:55",304,"unchanged",NA,NA
"2026-09-01T02:15:25",304,"unchanged",NA,NA
"2026-09-01T02:15:55",304,"unchanged",NA,NA
"2026-09-01T02:16:25",304,"unchanged",NA,NA
"2026-09-01T02:16:55",304,"unchanged",NA,NA
"2026-09-01T02:17:25",304,"unchanged",NA,NA
"2026-09-01T02:17:55",304,"unchanged",NA,NA
"2026-09-01T02:18:25",304,"unchanged",NA,NA
"2026-09-01T02:18:55",304,"unchanged",NA,NA
"2026-09-01T02:19:25",304,"unchanged",NA,NA
"2026-09-01T02:19:55",304,"unchanged",NA,NA
"2026-09-01T02:20:25",304,"unchanged",NA,NA
"2026-09-01T02:20:55",304,"unchanged",NA,NA
"2026-09-01T02:21:25",304,"unchanged",NA,NA
"2026-09-01T02:21:55",304,"unchanged",NA,NA
"2026-09-01T02:22:25",304,"unchanged",NA,NA
"2026-09-01T02:22:55",304,"unchanged",NA,NA
"2026-09-01T02:23:25",304,"unchanged",NA,NA
"2026-09-01T02:23:55",304,"unchanged",NA,NA
"2026-09-01T02:24:25",304,"unchanged",NA,NA
"2026-09-01T02:24:55",304,"unchanged",NA,NA
"2026-09-01T02:25:25",304,"unchanged",NA,NA
"2026-09-01T02:25:55",304,"unchanged",NA,NA
"2026-09-01T02:26:25",304,"unchanged",NA,NA
"2026-09-01T02:26:55",304,"unchanged",NA,NA
"2026-09-01T02:27:25",304,"unchanged",NA,NA
"2026-09-01T02:27:55",304,"unchanged",NA,NA
"2026-09-01T02:28:25",304,"unchanged",NA,NA
"2026-09-01T02:28:55",304,"unchanged",NA,NA
"2026-09-01T02:29:25",304,"unchanged",NA,NA
"2026-09-01T02:29:55",304,"unchanged",NA,NA
"2026-09-01T02:30:25",304,"unchanged",NA,NA
"2026-09-01T02:30:55",304,"unchanged",NA,NA
"2026-09-01T02:31:25",304,"unchanged",NA,NA
"2026-09-01T02:31:55",304,"unchanged",NA,NA
"2026-09-01T02:32:25",304,"unchanged",NA,NA
"2026-09-01T02:32:55",304,"unchanged",NA,NA
"2026-09-01T02:33:25",304,"unchanged",NA,NA
"2026-09-01T02:33:55",304,"unchanged",NA,NA
"2026-09-01T02:34:25",304,"unchanged",NA,NA
"2026-09-01T02:34:55",304,"unchanged",NA,NA
"2026-09-01T02:35:25",200,"written",272,"2026-09-01T02:15:04"
"2026-09-01T02:35:55",304,"unchanged",NA,NA
"2026-09-01T02:36:25",304,"unchanged",NA,NA
"2026-09-01T02:36:55",304,"unchanged",NA,NA
"2026-09-01T02:37:25",304,"unchanged",NA,NA
"2026-09-01T02:37:55",304,"unchanged",NA,NA
"2026-09-01T02:38:25",304,"unchanged",NA,NA
"2026-09-01T02:38:55",304,"unchanged",NA,NA
"2026-09-01T02:39:25",304,"unchanged",NA,NA
"2026-09-01T02:39:55",304,"unchanged",NA,NA
"2026-09-01T02:40:25",304,"unchanged",NA,NA
"2026-09-01T02:40:55",304,"unchanged",NA,NA
"2026-09-01T02:41:25",304,"unchanged",NA,NA
"2026-09-01T02:41:55",304,"unchanged",NA,NA
"2026-09-01T02:42:25",304,"unchanged",NA,NA
"2026-09-01T02:42:55",304,"unchanged",NA,NA
"2026-09-01T02:43:25",304,"unchanged",NA,NA
"2026-09-01T02:43:55",304,"unchanged",NA,NA
"2026-09-01T02:44:25",304,"unchanged",NA,NA
"2026-09-01T02:44:55",304,"unchanged",NA,NA
"2026-09-01T02:45:25",304,"unchanged",NA,NA
"2026-09-01T02:45:55",304,"unchanged",NA,NA
"2026-09-01T02:46:25",304,"unchanged",NA,NA
"2026-09-01T02:46:55",304,"unchanged",NA,NA
"2026-09-01T02:47:25",304,"unchanged",NA,NA
"2026-09-01T02:47:55",304,"unchanged",NA,NA
"2026-09-01T02:48:25",304,"unchanged",NA,NA
"2026-09-01T02:48:55",304,"unchanged",NA,NA
"2026-09-01T02:49:25",304,"unchanged",NA,NA
"2026-09-01T02:49:55",304,"unchanged",NA,NA
"2026-09-01T02:50:25",304,"unchanged",NA,NA
"2026-09-01T02:50:55",304,"unchanged",NA,NA
"2026-09-01T02:51:25",304,"unchanged",NA,NA
"2026-09-01T02:51:55",304,"unchanged",NA,NA
"2026-09-01T02:52:25",304,"unchanged",NA,NA
"2026-09-01T02:52:55",304,"unchanged",NA,NA
"2026-09-01T02:53:25",200,"written",272,"2026-09-01T02:30:05"
"2026-09-01T02:53:55",304,"unchanged",NA,NA
"2026-09-01T02:54:25",304,"unchanged",NA,NA
"2026-09-01T02:54:55",304,"unchanged",NA,NA
"2026-09-01T02:55:25",304,"unchanged",NA,NA
"2026-09-01T02:55:55",304,"unchanged",NA,NA
"2026-09-01T02:56:25",304,"unchanged",NA,NA
"2026-09-01T02:56:55",304,"unchanged",NA,NA
"2026-09-01T02:57:25",304,"unchanged",NA,NA
"2026-09-01T02:57:55",304,"unchanged",NA,NA
"2026-09-01T02:58:25",304,"unchanged",NA,NA
"2026-09-01T02:58:55",304,"unchanged",NA,NA
"2026-09-01T02:59:25",304,"unchanged",NA,NA
"2026-09-01T02:59:55",304,"unchanged",NA,NA
"2026-09-01T03:00:25",304,"unchanged",NA,NA
"2026-09-01T03:00:55",304,"unchanged",NA,NA
"2026-09-01T03:01:25",304,"unchanged",NA,NA
"2026-09-01T03:01:55",304,"unchanged",NA,NA
"2026-09-01T03:02:25",304,"unchanged",NA,NA
"2026-09-01T03:02:55",304,"unchanged",NA,NA
"2026-09-01T03:03:25",304,"unchanged",NA,NA
"2026-09-01T03:03:55",304,"unchanged",NA,NA
"2026-09-01T03:04:25",304,"unchanged",NA,NA
"2026-09-01T03:04:55",304,"unchanged",NA,NA
"2026-09-01T03:05:25",304,"unchanged",NA,NA
"2026-09-01T03:05:55",304,"unchanged",NA,NA
"2026-09-01T03:06:25",304,"unchanged",NA,NA
"2026-09-01T03:06:55",304,"unchanged",NA,NA
"2026-09-01T03:07:25",304,"unchanged",NA,NA
"2026-09-01T03:07:55",304,"unchanged",NA,NA
"2026-09-01T03:08:25",304,"unchanged",NA,NA
"2026-09-01T03:08:55",304,"unchanged",NA,NA
"2026-09-01T03:09:25",304,"unchanged",NA,NA
"2026-09-01T03:09:55",304,"unchanged",NA,NA
"2026-09-01T03:10:25",304,"unchanged",NA,NA
"2026-09-01T03:10:55",304,"unchanged",NA,NA
"2026-09-01T03:11:25",304,"unchanged",NA,NA
"2026-09-01T03:11:55",304,"unchanged",NA,NA
"2026-09-01T03:12:25",304,"unchanged",NA,NA
"2026-09-01T03:12:55",304,"unchanged",NA,NA
"2026-09-01T03:13:25",304,"unchanged",NA,NA
"2026-09-01T03:13:55",304,"unchanged",NA,NA
"2026-09-01T03:14:25",304,"unchanged",NA,NA
"2026-09-01T03:14:55",304,"unchanged",NA,NA
"2026-09-01T03:15:25",304,"unchanged",NA,NA
"2026-09-01T03:15:55",304,"unchanged",NA,NA
"2026-09-01T03:16:25",304,"unchanged",NA,NA
"2026-09-01T03:16:55",304,"unchanged",NA,NA
"2026-09-01T03:17:25",304,"unchanged",NA,NA
"2026-09-01T03:17:55",304,"unchanged",NA,NA
"2026-09-01T03:18:25",200,"written",272,"2026-09-01T03:15:04"
"2026-09-01T03:18:55",304,"unchanged",NA,NA
"2026-09-01T03:19:25",304,"unchanged",NA,NA
"2026-09-01T03:19:55",304,"unchanged",NA,NA
"2026-09-01T03:20:25",304,"unchanged",NA,NA
"2026-09-01T03:20:55",304,"unchanged",NA,NA
"2026-09-01T03:21:25",304,"unchanged",NA,NA
"2026-09-01T03:21:55",304,"unchanged",NA,NA
"2026-09-01T03:22:25",304,"unchanged",NA,NA
"2026-09-01T03:22:55",304,"unchanged",NA,NA
"2026-09-01T03:23:25",304,"unchanged",NA,NA
"2026-09-01T03:23:55",304,"unchanged",NA,NA
"2026-09-01T03:24:25",304,"unchanged",NA,NA
"2026-09-01T03:24:55",304,"unchanged",NA,NA
"2026-09-01T03:25:25",304,"unchanged",NA,NA
"2026-09-01T03:25:55",304,"unchanged",NA,NA
"2026-09-01T03:26:25",304,"unchanged",NA,NA
"2026-09-01T03:26:55",304,"unchanged",NA,NA
"2026-09-01T03:27:25",304,"unchanged",NA,NA
"2026-09-01T03:27:55",304,"unchanged",NA,NA
"2026-09-01T03:28:25",304,"unchanged",NA,NA
"2026-09-01T03:28:55",304,"unchanged",NA,NA
"2026-09-01T03:29:25",304,"unchanged",NA,NA
"2026-09-01T03:29:55",304,"unchanged",NA,NA
"2026-09-01T03:30:25",304,"unchanged",NA,NA
"2026-09-01T03:30:55",304,"unchanged",NA,NA
"2026-09-01T03:31:25",304,"unchanged",NA,NA
"2026-09-01T03:31:55",304,"unchanged",NA,NA
"2026-09-01T03:32:25",304,"unchanged",NA,NA
"2026-09-01T03:32:55",304,"unchanged",NA,NA
"2026-09-01T03:33:25",304,"unchanged",NA,NA
"2026-09-01T03:33:55",304,"unchanged",NA,NA
"2026-09-01T03:34:25",304,"unchanged",NA,NA
"2026-09-01T03:34:55",304,"unchanged",NA,NA
"2026-09-01T03:35:25",304,"unchanged",NA,NA
"2026-09-01T03:35:55",304,"unchanged",NA,NA
"2026-09-01T03:36:25",304,"unchanged",NA,NA
"2026-09-01T03:36:57",304,"unchanged",NA,NA
"2026-09-01T03:37:25",304,"unchanged",NA,NA
"2026-09-01T03:37:55",304,"unchanged",NA,NA
"2026-09-01T03:38:25",304,"unchanged",NA,NA
"2026-09-01T03:38:55",304,"unchanged",NA,NA
"2026-09-01T03:39:25",304,"unchanged",NA,NA
"2026-09-01T03:39:55",304,"unchanged",NA,NA
"2026-09-01T03:40:25",304,"unchanged",NA,NA
"2026-09-01T03:40:55",304,"unchanged",NA,NA
"2026-09-01T03:41:25",304,"unchanged",NA,NA
"2026-09-01T03:41:55",304,"unchanged",NA,NA
"2026-09-01T03:42:25",304,"unchanged",NA,NA
"2026-09-01T03:42:55",304,"unchanged",NA,NA
"2026-09-01T03:43:25",304,"unchanged",NA,NA
"2026-09-01T03:43:55",304,"unchanged",NA,NA
"2026-09-01T03:44:25",304,"unchanged",NA,NA
"2026-09-01T03:44:55",304,"unchanged",NA,NA
"2026-09-01T03:45:25",304,"unchanged",NA,NA
"2026-09-01T03:45:55",304,"unchanged",NA,NA
"2026-09-01T03:46:25",304,"unchanged",NA,NA
"2026-09-01T03:46:55",304,"unchanged",NA,NA
"2026-09-01T03:47:25",304,"unchanged",NA,NA
"2026-09-01T03:47:55",304,"unchanged",NA,NA
"2026-09-01T03:48:25",304,"unchanged",NA,NA
"2026-09-01T03:48:55",304,"unchanged",NA,NA
"2026-09-01T03:49:25",304,"unchanged",NA,NA
"2026-09-01T03:49:55",304,"unchanged",NA,NA
"2026-09-01T03:50:25",304,"unchanged",NA,NA
"2026-09-01T03:50:55",304,"unchanged",NA,NA
"2026-09-01T03:51:25",200,"written",272,"2026-09-01T03:45:05"
"2026-09-01T03:51:55",304,"unchanged",NA,NA
"2026-09-01T03:52:25",304,"unchanged",NA,NA
"2026-09-01T03:52:55",304,"unchanged",NA,NA
"2026-09-01T03:53:25",304,"unchanged",NA,NA
"2026-09-01T03:53:55",304,"unchanged",NA,NA
"2026-09-01T03:54:25",304,"unchanged",NA,NA
"2026-09-01T03:54:55",304,"unchanged",NA,NA
"2026-09-01T03:55:25",304,"unchanged",NA,NA
"2026-09-01T03:55:55",304,"unchanged",NA,NA
"2026-09-01T03:56:25",304,"unchanged",NA,NA
"2026-09-01T03:56:55",304,"unchanged",NA,NA
"2026-09-01T03:57:25",304,"unchanged",NA,NA
"2026-09-01T03:57:55",304,"unchanged",NA,NA
"2026-09-01T03:58:25",304,"unchanged",NA,NA
"2026-09-01T03:58:55",304,"unchanged",NA,NA
"2026-09-01T03:59:25",304,"unchanged",NA,NA
"2026-09-01T03:59:55",304,"unchanged",NA,NA
"2026-09-01T04:00:25",304,"unchanged",NA,NA
"2026-09-01T04:00:55",304,"unchanged",NA,NA
"2026-09-01T04:01:25",304,"unchanged",NA,NA
"2026-09-01T04:01:55",304,"unchanged",NA,NA
"2026-09-01T04:02:25",304,"unchanged",NA,NA
"2026-09-01T04:02:55",304,"unchanged",NA,NA
"2026-09-01T04:03:25",304,"unchanged",NA,NA
"2026-09-01T04:03:55",304,"unchanged",NA,NA
"2026-09-01T04:04:25",304,"unchanged",NA,NA
"2026-09-01T04:04:55",304,"unchanged",NA,NA
"2026-09-01T04:05:25",304,"unchanged",NA,NA
"2026-09-01T04:05:55",304,"unchanged",NA,NA
"2026-09-01T04:06:25",304,"unchanged",NA,NA
"2026-09-01T04:06:55",304,"unchanged",NA,NA
"2026-09-01T04:07:25",200,"written",272,"2026-09-01T03:30:05"
"2026-09-01T04:07:55",304,"unchanged",NA,NA
"2026-09-01T04:08:25",304,"unchanged",NA,NA
"2026-09-01T04:08:55",304,"unchanged",NA,NA
"2026-09-01T04:09:25",304,"unchanged",NA,NA
"2026-09-01T04:09:55",304,"unchanged",NA,NA
"2026-09-01T04:10:25",304,"unchanged",NA,NA
"2026-09-01T04:10:55",304,"unchanged",NA,NA
"2026-09-01T04:11:25",304,"unchanged",NA,NA
"2026-09-01T04:11:55",304,"unchanged",NA,NA
"2026-09-01T04:12:25",304,"unchanged",NA,NA
"2026-09-01T04:12:55",304,"unchanged",NA,NA
"2026-09-01T04:13:25",304,"unchanged",NA,NA
"2026-09-01T04:13:55",304,"unchanged",NA,NA
"2026-09-01T04:14:25",304,"unchanged",NA,NA
"2026-09-01T04:14:55",304,"unchanged",NA,NA
"2026-09-01T04:15:25",304,"unchanged",NA,NA
"2026-09-01T04:15:55",304,"unchanged",NA,NA
"2026-09-01T04:16:25",304,"unchanged",NA,NA
"2026-09-01T04:16:55",304,"unchanged",NA,NA
"2026-09-01T04:17:25",200,"written",272,"2026-09-01T04:00:05"
"2026-09-01T04:17:55",304,"unchanged",NA,NA
"2026-09-01T04:18:25",304,"unchanged",NA,NA
"2026-09-01T04:18:55",304,"unchanged",NA,NA
"2026-09-01T04:19:25",304,"unchanged",NA,NA
"2026-09-01T04:19:55",304,"unchanged",NA,NA
"2026-09-01T04:20:25",304,"unchanged",NA,NA
"2026-09-01T04:20:55",304,"unchanged",NA,NA
"2026-09-01T04:21:25",304,"unchanged",NA,NA
"2026-09-01T04:21:55",304,"unchanged",NA,NA
"2026-09-01T04:22:25",304,"unchanged",NA,NA
"2026-09-01T04:22:55",304,"unchanged",NA,NA
"2026-09-01T04:23:25",304,"unchanged",NA,NA
"2026-09-01T04:23:55",304,"unchanged",NA,NA
"2026-09-01T04:24:25",304,"unchanged",NA,NA
"2026-09-01T04:24:55",304,"unchanged",NA,NA
"2026-09-01T04:25:25",304,"unchanged",NA,NA
"2026-09-01T04:25:55",304,"unchanged",NA,NA
"2026-09-01T04:26:25",304,"unchanged",NA,NA
"2026-09-01T04:26:55",304,"unchanged",NA,NA
"2026-09-01T04:27:25",304,"unchanged",NA,NA
"2026-09-01T04:27:55",304,"unchanged",NA,NA
"2026-09-01T04:28:25",304,"unchanged",NA,NA
"2026-09-01T04:28:55",304,"unchanged",NA,NA
"2026-09-01T04:29:25",304,"unchanged",NA,NA
"2026-09-01T04:29:55",304,"unchanged",NA,NA
"2026-09-01T04:30:25",304,"unchanged",NA,NA
"2026-09-01T04:30:55",304,"unchanged",NA,NA
"2026-09-01T04:31:25",304,"unchanged",NA,NA
"2026-09-01T04:31:55",304,"unchanged",NA,NA
"2026-09-01T04:32:25",304,"unchanged",NA,NA
"2026-09-01T04:32:55",304,"unchanged",NA,NA
"2026-09-01T04:33:25",304,"unchanged",NA,NA
"2026-09-01T04:33:55",304,"unchanged",NA,NA
"2026-09-01T04:34:25",304,"unchanged",NA,NA
"2026-09-01T04:34:55",304,"unchanged",NA,NA
"2026-09-01T04:35:25",304,"unchanged",NA,NA
"2026-09-01T04:35:55",304,"unchanged",NA,NA
"2026-09-01T04:36:25",304,"unchanged",NA,NA
"2026-09-01T04:36:55",304,"unchanged",NA,NA
"2026-09-01T04:37:25",304,"unchanged",NA,NA
"2026-09-01T04:37:55",304,"unchanged",NA,NA
"2026-09-01T04:38:25",304,"unchanged",NA,NA
"2026-09-01T04:38:55",304,"unchanged",NA,NA
"2026-09-01T04:39:25",304,"unchanged",NA,NA
"2026-09-01T04:39:55",304,"unchanged",NA,NA
"2026-09-01T04:40:25",304,"unchanged",NA,NA
"2026-09-01T04:40:55",304,"unchanged",NA,NA
"2026-09-01T04:41:25",304,"unchanged",NA,NA
"2026-09-01T04:41:55",304,"unchanged",NA,NA
"2026-09-01T04:42:25",304,"unchanged",NA,NA
"2026-09-01T04:42:55",304,"unchanged",NA,NA
"2026-09-01T04:43:25",304,"unchanged",NA,NA
"2026-09-01T04:43:55",304,"unchanged",NA,NA
"2026-09-01T04:44:25",304,"unchanged",NA,NA
"2026-09-01T04:44:55",304,"unchanged",NA,NA
"2026-09-01T04:45:25",304,"unchanged",NA,NA
"2026-09-01T04:45:55",304,"unchanged",NA,NA
"2026-09-01T04:46:25",304,"unchanged",NA,NA
"2026-09-01T04:46:55",304,"unchanged",NA,NA
"2026-09-01T04:47:25",304,"unchanged",NA,NA
"2026-09-01T04:47:55",304,"unchanged",NA,NA
"2026-09-01T04:48:25",304,"unchanged",NA,NA
"2026-09-01T04:48:55",304,"unchanged",NA,NA
"2026-09-01T04:49:25",200,"written",272,"2026-09-01T04:15:06"
"2026-09-01T04:49:55",304,"unchanged",NA,NA
"2026-09-01T04:50:25",304,"unchanged",NA,NA
"2026-09-01T04:50:55",304,"unchanged",NA,NA
"2026-09-01T04:51:25",304,"unchanged",NA,NA
"2026-09-01T04:51:55",304,"unchanged",NA,NA
"2026-09-01T04:52:25",304,"unchanged",NA,NA
"2026-09-01T04:52:55",304,"unchanged",NA,NA
"2026-09-01T04:53:25",304,"unchanged",NA,NA
"2026-09-01T04:53:55",304,"unchanged",NA,NA
"2026-09-01T04:54:25",304,"unchanged",NA,NA
"2026-09-01T04:54:55",304,"unchanged",NA,NA
"2026-09-01T04:55:25",304,"unchanged",NA,NA
"2026-09-01T04:55:55",304,"unchanged",NA,NA
"2026-09-01T04:56:25",304,"unchanged",NA,NA
"2026-09-01T04:56:55",304,"unchanged",NA,NA
"2026-09-01T04:57:25",304,"unchanged",NA,NA
"2026-09-01T04:57:55",304,"unchanged",NA,NA
"2026-09-01T04:58:25",304,"unchanged",NA,NA
"2026-09-01T04:58:55",304,"unchanged",NA,NA
"2026-09-01T04:59:25",304,"unchanged",NA,NA
"2026-09-01T04:59:55",304,"unchanged",NA,NA
"2026-09-01T05:00:25",200,"written",272,"2026-09-01T04:30:05"
"2026-09-01T05:00:55",304,"unchanged",NA,NA
"2026-09-01T05:01:25",304,"unchanged",NA,NA
"2026-09-01T05:01:55",304,"unchanged",NA,NA
"2026-09-01T05:02:25",304,"unchanged",NA,NA
"2026-09-01T05:02:55",304,"unchanged",NA,NA
"2026-09-01T05:03:25",304,"unchanged",NA,NA
"2026-09-01T05:03:55",304,"unchanged",NA,NA
"2026-09-01T05:04:25",304,"unchanged",NA,NA
"2026-09-01T05:04:55",304,"unchanged",NA,NA
"2026-09-01T05:05:25",304,"unchanged",NA,NA
"2026-09-01T05:05:55",304,"unchanged",NA,NA
"2026-09-01T05:06:25",304,"unchanged",NA,NA
"2026-09-01T05:06:55",304,"unchanged",NA,NA
"2026-09-01T05:07:25",304,"unchanged",NA,NA
"2026-09-01T05:07:55",304,"unchanged",NA,NA
"2026-09-01T05:08:25",304,"unchanged",NA,NA
"2026-09-01T05:08:55",304,"unchanged",NA,NA
"2026-09-01T05:09:25",304,"unchanged",NA,NA
"2026-09-01T05:09:55",304,"unchanged",NA,NA
"2026-09-01T05:10:25",304,"unchanged",NA,NA
"2026-09-01T05:10:55",304,"unchanged",NA,NA
"2026-09-01T05:11:25",304,"unchanged",NA,NA
"2026-09-01T05:11:55",304,"unchanged",NA,NA
"2026-09-01T05:12:25",304,"unchanged",NA,NA
"2026-09-01T05:12:55",304,"unchanged",NA,NA
"2026-09-01T05:13:25",304,"unchanged",NA,NA
"2026-09-01T05:13:55",304,"unchanged",NA,NA
"2026-09-01T05:14:25",304,"unchanged",NA,NA
