"station_id","hour","mean_bikes","min_bikes","max_bikes","departures","arrivals","rebalancing_events","events","net_flow","turnover","name","lat","lon","capacity","post_code","fill_rate","is_empty","is_full","hour_of_day","day_of_week","is_weekend"
"PIB:Station:1225",2026-08-24 14:00:00,0,0,0,0,0,0,0,0,0,"Berninaplatz - Zürich",47.40382,8.546459,30,8057,0,TRUE,FALSE,14,"Monday",FALSE
"PIB:Station:1678",2026-08-24 14:00:00,1,1,1,0,0,0,0,0,0,"Open Mon-Fre 07:00 - 18:00 In der Velostation Schanzenbrücke - Bern",46.949234,7.436812,50,NA,0.02,FALSE,FALSE,14,"Monday",FALSE
"PIB:Station:1679",2026-08-24 14:00:00,11,11,11,0,0,0,0,0,0,"Speichergasse - Bern",46.9497,7.4444094,50,NA,0.22,FALSE,FALSE,14,"Monday",FALSE
"PIB:Station:1680",2026-08-24 14:00:00,9,9,9,0,0,0,0,0,0,"Waisenhausplatz - Bern",46.94908,7.444436,50,NA,0.18,FALSE,FALSE,14,"Monday",FALSE
"PIB:Station:1681",2026-08-24 14:00:00,4,4,4,0,0,0,0,0,0,"Bundesgasse - Bern",46.946606,7.441624,50,NA,0.08,FALSE,FALSE,14,"Monday",FALSE
"PIB:Station:1682",2026-08-24 14:00:00,4,4,4,0,0,0,0,0,0,"Casinoplatz - Bern",46.946518,7.448146,50,NA,0.08,FALSE,FALSE,14,"Monday",FALSE
"PIB:Station:1683",2026-08-24 14:00:00,3,3,3,0,0,0,0,0,0,"Theaterplatz - Bern",46.947598,7.44735,50,NA,0.06,FALSE,FALSE,14,"Monday",FALSE
"PIB:Station:1684",2026-08-24 14:00:00,1,1,1,0,0,0,0,0,0,"Kornhausplatz - Bern",46.94881,7.447638,50,NA,0.02,FALSE,FALSE,14,"Monday",FALSE
"PIB:Station:1685",2026-08-24 14:00:00,5,5,5,0,0,0,0,0,0,"Simsonbrunnen - Bern",46.948044,7.4502387,50,NA,0.1,FALSE,FALSE,14,"Monday",FALSE
"PIB:Station:1686",2026-08-24 14:00:00,9,9,9,0,0,0,0,0,0,"Postgasse - Bern",46.948677,7.4532714,50,NA,0.18,FALSE,FALSE,14,"Monday",FALSE
"PIB:Station:1687",2026-08-24 14:00:00,9,9,9,0,0,0,0,0,0,"Münster - Bern",46.947433,7.4522824,50,NA,0.18,FALSE,FALSE,14,"Monday",FALSE
"PIB:Station:1688",2026-08-24 14:00:00,8,8,8,0,0,0,0,0,0,"Mattelift - Bern",46.946465,7.452518,50,NA,0.16,FALSE,FALSE,14,"Monday",FALSE
"PIB:Station:1689",2026-08-24 14:00:00,18,18,18,0,0,0,0,0,0,"Schifflaube - Bern",46.94651,7.4550486,50,NA,0.36,FALSE,FALSE,14,"Monday",FALSE
"PIB:Station:1690",2026-08-24 14:00:00,7,7,7,0,0,0,0,0,0,"Nydegg - Bern",46.948635,7.4567423,50,NA,0.14,FALSE,FALSE,14,"Monday",FALSE
"PIB:Station:1691",2026-08-24 14:00:00,54,54,54,0,0,0,0,0,0,"Bahnhofplatz - Bern",46.94835,7.440534,50,NA,1.08,FALSE,TRUE,14,"Monday",FALSE
"PIB:Station:1692",2026-08-24 14:00:00,6,6,6,0,0,0,0,0,0,"Velostation PostParc - Bern",46.94794,7.438115,50,NA,0.12,FALSE,FALSE,14,"Monday",FALSE
"PIB:Station:1693",2026-08-24 14:00:00,6,6,6,0,0,0,0,0,0,"Wallgasse - Bern",46.94626,7.438039,50,NA,0.12,FALSE,FALSE,14,"Monday",FALSE
"PIB:Station:1694",2026-08-24 14:00:00,2,2,2,0,0,0,0,0,0,"Predigergasse - Bern",46.94917,7.4459267,50,NA,0.04,FALSE,FALSE,14,"Monday",FALSE
"PIB:Station:1695",2026-08-24 14:00:00,8,8,8,0,0,0,0,0,0,"Junkerngasse - Bern",46.947792,7.454057,50,NA,0.16,FALSE,FALSE,14,"Monday",FALSE
"PIB:Station:1696",2026-08-24 14:00:00,5,5,5,0,0,0,0,0,0,"Bollwerk - Bern",46.951706,7.442115,50,NA,0.1,FALSE,FALSE,14,"Monday",FALSE
"PIB:Station:1697",2026-08-24 14:00:00,3,3,3,0,0,0,0,0,0,"Inselgasse - Bern",46.946884,7.4458294,50,NA,0.06,FALSE,FALSE,14,"Monday",FALSE
"PIB:Station:1698",2026-08-24 14:00:00,2,2,2,0,0,0,0,0,0,"Rathausgasse - Bern",46.948475,7.450536,50,NA,0.04,FALSE,FALSE,14,"Monday",FALSE
"PIB:Station:1703",2026-08-24 14:00:00,3,3,3,0,0,0,0,0,0,"Depotstrasse - Bern",46.950104,7.4283705,50,NA,0.06,FALSE,FALSE,14,"Monday",FALSE
"PIB:Station:1704",2026-08-24 14:00:00,5,5,5,0,0,0,0,0,0,"Bühlstrasse Uni - Bern",46.95148,7.430385,50,NA,0.1,FALSE,FALSE,14,"Monday",FALSE
"PIB:Station:1705",2026-08-24 14:00:00,4,4,4,0,0,0,0,0,0,"Pauluskirche - Bern",46.952686,7.4299874,50,NA,0.08,FALSE,FALSE,14,"Monday",FALSE
"PIB:Station:1706",2026-08-24 14:00:00,5,5,5,0,0,0,0,0,0,"Muesmatt Uni - Bern",46.953403,7.4285574,50,NA,0.1,FALSE,FALSE,14,"Monday",FALSE
"PIB:Station:1707",2026-08-24 14:00:00,2,2,2,0,0,0,0,0,0,"Waldheimstrasse - Bern",46.953915,7.4267397,50,NA,0.04,FALSE,FALSE,14,"Monday",FALSE
"PIB:Station:1708",2026-08-24 14:00:00,5,5,5,0,0,0,0,0,0,"Hochschulzentrum von Roll - Bern",46.953438,7.4239297,50,NA,0.1,FALSE,FALSE,14,"Monday",FALSE
"PIB:Station:1710",2026-08-24 14:00:00,3,3,3,0,0,0,0,0,0,"Hauptgebäude Uni - Bern",46.95066,7.437039,50,NA,0.06,FALSE,FALSE,14,"Monday",FALSE
"PIB:Station:1711",2026-08-24 14:00:00,4,4,4,0,0,0,0,0,0,"UniS - Bern",46.950336,7.4352927,50,NA,0.08,FALSE,FALSE,14,"Monday",FALSE
"PIB:Station:1712",2026-08-24 14:00:00,6,6,6,0,0,0,0,0,0,"Erlachstrasse - Bern",46.95155,7.4345326,50,NA,0.12,FALSE,FALSE,14,"Monday",FALSE
"PIB:Station:1713",2026-08-24 14:00:00,3,3,3,0,0,0,0,0,0,"Hallerstrasse - Bern",46.952454,7.4354215,50,NA,0.06,FALSE,FALSE,14,"Monday",FALSE
"PIB:Station:1714",2026-08-24 14:00:00,1,1,1,0,0,0,0,0,0,"Mittelstrasse Süd - Bern",46.95342,7.432825,50,NA,0.02,FALSE,FALSE,14,"Monday",FALSE
"PIB:Station:1715",2026-08-24 14:00:00,5,5,5,0,0,0,0,0,0,"Mittelstrasse - Bern",46.95473,7.433391,50,NA,0.1,FALSE,FALSE,14,"Monday",FALSE
"PIB:Station:1716",2026-08-24 14:00:00,4,4,4,0,0,0,0,0,0,"Unitobler Ost - Bern",46.954144,7.430703,50,NA,0.08,FALSE,FALSE,14,"Monday",FALSE
"PIB:Station:1717",2026-08-24 14:00:00,1,1,1,0,0,0,0,0,0,"Unitobler West - Bern",46.954514,7.4294934,50,NA,0.02,FALSE,FALSE,14,"Monday",FALSE
"PIB:Station:1718",2026-08-24 14:00:00,8,8,8,0,0,0,0,0,0,"Neufeldstrasse - Bern",46.956543,7.431772,50,NA,0.16,FALSE,FALSE,14,"Monday",FALSE
"PIB:Station:1719",2026-08-24 14:00:00,3,3,3,0,0,0,0,0,0,"Hochfeldstrasse - Bern",46.955605,7.428041,50,NA,0.06,FALSE,FALSE,14,"Monday",FALSE
"PIB:Station:1720",2026-08-24 14:00:00,3,3,3,0,0,0,0,0,0,"Fabrikstrasse - Bern",46.956024,7.425828,50,NA,0.06,FALSE,FALSE,14,"Monday",FALSE
"PIB:Station:1721",2026-08-24 14:00:00,5,5,5,0,0,0,0,0,0,"Zähringerstrasse - Bern",46.953648,7.4372435,50,NA,0.1,FALSE,FALSE,14,"Monday",FALSE
"PIB:Station:1722",2026-08-24 14:00:00,3,3,3,0,0,0,0,0,0,"Mittelstrasse Uni - Bern",46.95578,7.435263,50,NA,0.06,FALSE,FALSE,14,"Monday",FALSE
"PIB:Station:1723",2026-08-24 14:00:00,4,4,4,0,0,0,0,0,0,"Neubrückstrasse - Bern",46.95691,7.437657,50,NA,0.08,FALSE,FALSE,14,"Monday",FALSE
"PIB:Station:1724",2026-08-24 14:00:00,18,18,18,0,0,0,0,0,0,"Post CH AG – IT Services - Bern",46.957527,7.4405737,50,NA,0.36,FALSE,FALSE,14,"Monday",FALSE
"PIB:Station:1725",2026-08-24 14:00:00,0,0,0,0,0,0,0,0,0,"Neufeldstrasse Ost - Bern",46.958145,7.4349813,50,NA,0,TRUE,FALSE,14,"Monday",FALSE
"PIB:Station:1726",2026-08-24 14:00:00,3,3,3,0,0,0,0,0,0,"Freies Gymnasium - Bern",46.95933,7.4349074,50,NA,0.06,FALSE,FALSE,14,"Monday",FALSE
"PIB:Station:1727",2026-08-24 14:00:00,3,3,3,0,0,0,0,0,0,"Innere Enge - Bern",46.961685,7.439614,50,NA,0.06,FALSE,FALSE,14,"Monday",FALSE
"PIB:Station:1728",2026-08-24 14:00:00,3,3,3,0,0,0,0,0,0,"Murtenstrasse Forsthaus - Bern",46.95168,7.416571,50,NA,0.06,FALSE,FALSE,14,"Monday",FALSE
"PIB:Station:1729",2026-08-24 14:00:00,4,4,4,0,0,0,0,0,0,"Rossfeldstrasse - Bern",46.97178,7.4456005,50,NA,0.08,FALSE,FALSE,14,"Monday",FALSE
"PIB:Station:1730",2026-08-24 14:00:00,6,6,6,0,0,0,0,0,0,"Bahnhof Tiefenau - Bern",46.972908,7.4507337,50,NA,0.12,FALSE,FALSE,14,"Monday",FALSE
"PIB:Station:1731",2026-08-24 14:00:00,2,2,2,0,0,0,0,0,0,"Tiefenau - Bern",46.974842,7.453274,50,NA,0.04,FALSE,FALSE,14,"Monday",FALSE
"PIB:Station:1732",2026-08-24 14:00:00,2,2,2,0,0,0,0,0,0,"Stadtbachstrasse - Bern",46.9491,7.4332767,50,NA,0.04,FALSE,FALSE,14,"Monday",FALSE
"PIB:Station:1733",2026-08-24 14:00:00,1,1,1,0,0,0,0,0,0,"Studerstrasse - Bern",46.965935,7.4416056,50,NA,0.02,FALSE,FALSE,14,"Monday",FALSE
"PIB:Station:1734",2026-08-24 14:00:00,8,8,8,0,0,0,0,0,0,"Felsenaustrasse - Bern",46.972366,7.4420824,50,NA,0.16,FALSE,FALSE,14,"Monday",FALSE
"PIB:Station:1735",2026-08-24 14:00:00,13,13,13,0,0,0,0,0,0,"Fährstrasse - Bern",46.975506,7.4416814,50,NA,0.26,FALSE,FALSE,14,"Monday",FALSE
"PIB:Station:1736",2026-08-24 14:00:00,9,9,9,0,0,0,0,0,0,"Gymnasium Neufeld - Bern",46.958847,7.429207,50,NA,0.18,FALSE,FALSE,14,"Monday",FALSE
"PIB:Station:1739",2026-08-24 14:00:00,3,3,3,0,0,0,0,0,0,"Schwimmhalle Neufeld - Bern",46.960796,7.433963,50,NA,0.06,FALSE,FALSE,14,"Monday",FALSE
"PIB:Station:1743",2026-08-24 14:00:00,17,17,17,0,0,0,0,0,0,"Engehalde - Bern",46.9566,7.4402156,50,NA,0.34,FALSE,FALSE,14,"Monday",FALSE
"PIB:Station:1744",2026-08-24 14:00:00,6,6,6,0,0,0,0,0,0,"Marzilibahn - Bern",46.94467,7.443264,50,NA,0.12,FALSE,FALSE,14,"Monday",FALSE
"PIB:Station:1745",2026-08-24 14:00:00,13,13,13,0,0,0,0,0,0,"Brückenstrasse BFH - Bern",46.94272,7.441027,50,NA,0.26,FALSE,FALSE,14,"Monday",FALSE
"PIB:Station:1746",2026-08-24 14:00:00,7,7,7,0,0,0,0,0,0,"Marzilibad - Bern",46.942142,7.442515,50,NA,0.14,FALSE,FALSE,14,"Monday",FALSE
"PIB:Station:1747",2026-08-24 14:00:00,15,15,15,0,0,0,0,0,0,"Dampfzentrale - Bern",46.94069,7.4431486,50,NA,0.3,FALSE,FALSE,14,"Monday",FALSE
"PIB:Station:1748",2026-08-24 14:00:00,0,0,0,0,0,0,0,0,0,"Maulbeerstrasse - Bern",46.94654,7.4356613,50,NA,0,TRUE,FALSE,14,"Monday",FALSE
"PIB:Station:1749",2026-08-24 14:00:00,6,6,6,0,0,0,0,0,0,"Kocherpark - Bern",46.946026,7.4332137,50,NA,0.12,FALSE,FALSE,14,"Monday",FALSE
"PIB:Station:1750",2026-08-24 14:00:00,5,5,5,0,0,0,0,0,0,"Kapellenstrasse BFF - Bern",46.944218,7.436674,50,NA,0.1,FALSE,FALSE,14,"Monday",FALSE
"PIB:Station:1751",2026-08-24 14:00:00,8,8,8,0,0,0,0,0,0,"Monbijoustrasse - Bern",46.941032,7.4359164,50,NA,0.16,FALSE,FALSE,14,"Monday",FALSE
"PIB:Station:1752",2026-08-24 14:00:00,6,6,6,0,0,0,0,0,0,"Monbijoubrücke - Bern",46.93965,7.440236,50,NA,0.12,FALSE,FALSE,14,"Monday",FALSE
"PIB:Station:1753",2026-08-24 14:00:00,2,2,2,0,0,0,0,0,0,"Wabernstrasse - Bern",46.938953,7.4375334,50,NA,0.04,FALSE,FALSE,14,"Monday",FALSE
"PIB:Station:1754",2026-08-24 14:00:00,8,8,8,0,0,0,0,0,0,"Wander - Bern",46.93719,7.4360867,50,NA,0.16,FALSE,FALSE,14,"Monday",FALSE
"PIB:Station:1755",2026-08-24 14:00:00,3,3,3,0,0,0,0,0,0,"Landoltstrasse - Bern",46.93718,7.439398,50,NA,0.06,FALSE,FALSE,14,"Monday",FALSE
"PIB:Station:1756",2026-08-24 14:00:00,2,2,2,0,0,0,0,0,0,"Friedheimweg - Bern",46.936443,7.437876,50,NA,0.04,FALSE,FALSE,14,"Monday",FALSE
"PIB:Station:1757",2026-08-24 14:00:00,8,8,8,0,0,0,0,0,0,"Schöneggweg - Bern",46.93454,7.44193,50,NA,0.16,FALSE,FALSE,14,"Monday",FALSE
"PIB:Station:1758",2026-08-24 14:00:00,4,4,4,0,0,0,0,0,0,"Haslerstrasse - Bern",46.94508,7.432452,50,NA,0.08,FALSE,FALSE,14,"Monday",FALSE
"PIB:Station:1759",2026-08-24 14:00:00,5,5,5,0,0,0,0,0,0,"Eigerplatz Nord - Bern",46.94166,7.431887,50,NA,0.1,FALSE,FALSE,14,"Monday",FALSE
"PIB:Station:1760",2026-08-24 14:00:00,2,2,2,0,0,0,0,0,0,"Eigerplatz Süd - Bern",46.940014,7.431781,50,NA,0.04,FALSE,FALSE,14,"Monday",FALSE
"PIB:Station:1761",2026-08-24 14:00:00,1,1,1,0,0,0,0,0,0,"Beaumontweg - Bern",46.939087,7.428638,50,NA,0.02,FALSE,FALSE,14,"Monday",FALSE
"PIB:Station:1762",2026-08-24 14:00:00,1,1,1,0,0,0,0,0,0,"Beaumont - Bern",46.937107,7.432238,50,NA,0.02,FALSE,FALSE,14,"Monday",FALSE
"PIB:Station:1763",2026-08-24 14:00:00,0,0,0,0,0,0,0,0,0,"Bahnhof Weissenbühl - Bern",46.936016,7.4300632,50,NA,0,TRUE,FALSE,14,"Monday",FALSE
"PIB:Station:1764",2026-08-24 14:00:00,13,13,13,0,0,0,0,0,0,"Zieglerspital - Bern",46.93202,7.4330454,50,NA,0.26,FALSE,FALSE,14,"Monday",FALSE
"PIB:Station:1765",2026-08-24 14:00:00,5,5,5,0,0,0,0,0,0,"Schule Brunnmatt - Bern",46.945805,7.4270434,50,NA,0.1,FALSE,FALSE,14,"Monday",FALSE
"PIB:Station:1766",2026-08-24 14:00:00,5,5,5,0,0,0,0,0,0,"Cäcilienplatz - Bern",46.94167,7.425978,50,NA,0.1,FALSE,FALSE,14,"Monday",FALSE
"PIB:Station:1767",2026-08-24 14:00:00,7,7,7,0,0,0,0,0,0,"Fischermätteli - Bern",46.940598,7.4187355,50,NA,0.14,FALSE,FALSE,14,"Monday",FALSE
"PIB:Station:1768",2026-08-24 14:00:00,1,1,1,0,0,0,0,0,0,"Kirchbergerstrasse - Bern",46.938847,7.4210806,50,NA,0.02,FALSE,FALSE,14,"Monday",FALSE
"PIB:Station:1769",2026-08-24 14:00:00,4,4,4,0,0,0,0,0,0,"Sporthalle Weissenstein - Bern",46.937103,7.4178247,50,NA,0.08,FALSE,FALSE,14,"Monday",FALSE
"PIB:Station:1770",2026-08-24 14:00:00,3,3,3,0,0,0,0,0,0,"Friedbühlstrasse - Bern",46.94801,7.4218926,50,NA,0.06,FALSE,FALSE,14,"Monday",FALSE
"PIB:Station:1771",2026-08-24 14:00:00,6,6,6,0,0,0,0,0,0,"Loryplatz - Bern",46.94467,7.4223027,50,NA,0.12,FALSE,FALSE,14,"Monday",FALSE
"PIB:Station:1772",2026-08-24 14:00:00,6,6,6,0,0,0,0,0,0,"Schenkstrasse - Bern",46.945877,7.4154887,50,NA,0.12,FALSE,FALSE,14,"Monday",FALSE
"PIB:Station:1773",2026-08-24 14:00:00,4,4,4,0,0,0,0,0,0,"Stämpflistrasse - Bern",46.94325,7.4146013,50,NA,0.08,FALSE,FALSE,14,"Monday",FALSE
"PIB:Station:1774",2026-08-24 14:00:00,7,7,7,0,0,0,0,0,0,"Steigerhubel - Bern",46.944027,7.412034,50,NA,0.14,FALSE,FALSE,14,"Monday",FALSE
"PIB:Station:1775",2026-08-24 14:00:00,4,4,4,0,0,0,0,0,0,"Europaplatz Süd - Bern",46.9436,7.407175,50,NA,0.08,FALSE,FALSE,14,"Monday",FALSE
"PIB:Station:1776",2026-08-24 14:00:00,7,7,7,0,0,0,0,0,0,"Zieglerstrasse - Bern",46.94297,7.430233,50,NA,0.14,FALSE,FALSE,14,"Monday",FALSE
"PIB:Station:1777",2026-08-24 14:00:00,1,1,1,0,0,0,0,0,0,"Murtenstrasse Sanpol - Bern",46.950302,7.4145646,50,NA,0.02,FALSE,FALSE,14,"Monday",FALSE
"PIB:Station:1778",2026-08-24 14:00:00,7,7,7,0,0,0,0,0,0,"Schwarztorstrasse - Bern",46.944607,7.429096,50,NA,0.14,FALSE,FALSE,14,"Monday",FALSE
"PIB:Station:1779",2026-08-24 14:00:00,5,5,5,0,0,0,0,0,0,"Seilerstrasse - Bern",46.945595,7.434686,50,NA,0.1,FALSE,FALSE,14,"Monday",FALSE
"PIB:Station:1780",2026-08-24 14:00:00,47,47,47,0,0,0,0,0,0,"Insel Haupteingang - Bern",46.947556,7.426697,50,NA,0.94,FALSE,FALSE,14,"Monday",FALSE
"PIB:Station:1781",2026-08-24 14:00:00,2,2,2,0,0,0,0,0,0,"Kleine Schanze - Bern",46.945976,7.4394174,50,NA,0.04,FALSE,FALSE,14,"Monday",FALSE
"PIB:Station:1782",2026-08-24 14:00:00,3,3,3,0,0,0,0,0,0,"Insel West - Bern",46.946545,7.420781,50,NA,0.06,FALSE,FALSE,14,"Monday",FALSE
"PIB:Station:1784",2026-08-24 14:00:00,9,9,9,0,0,0,0,0,0,"Weberstrasse - Bern",46.939865,7.425097,50,NA,0.18,FALSE,FALSE,14,"Monday",FALSE
"PIB:Station:1785",2026-08-24 14:00:00,3,3,3,0,0,0,0,0,0,"Güterstrasse - Bern",46.947525,7.4168797,50,NA,0.06,FALSE,FALSE,14,"Monday",FALSE
"PIB:Station:1786",2026-08-24 14:00:00,4,4,4,0,0,0,0,0,0,"Velostation Welle 7 - Bern",46.94779,7.4363356,50,NA,0.08,FALSE,FALSE,14,"Monday",FALSE
"PIB:Station:1790",2026-08-24 14:00:00,2,2,2,0,0,0,0,0,0,"Lorystrasse - Bern",46.945095,7.418358,50,NA,0.04,FALSE,FALSE,14,"Monday",FALSE
"PIB:Station:1791",2026-08-24 14:00:00,1,1,1,0,0,0,0,0,0,"Dübystrasse - Bern",46.936436,7.4247994,50,NA,0.02,FALSE,FALSE,14,"Monday",FALSE
"PIB:Station:1792",2026-08-24 14:00:00,1,1,1,0,0,0,0,0,0,"Landhausweg - Bern",46.935837,7.4327044,50,NA,0.02,FALSE,FALSE,14,"Monday",FALSE
"PIB:Station:1793",2026-08-24 14:00:00,2,2,2,0,0,0,0,0,0,"Roschistrasse - Bern",46.93498,7.438808,50,NA,0.04,FALSE,FALSE,14,"Monday",FALSE
"PIB:Station:1799",2026-08-24 14:00:00,3,3,3,0,0,0,0,0,0,"Steigerhubelstrasse - Bern",46.946167,7.4114184,50,NA,0.06,FALSE,FALSE,14,"Monday",FALSE
"PIB:Station:1800",2026-08-24 14:00:00,4,4,4,0,0,0,0,0,0,"Goumoensstrasse - Bern",46.93465,7.4313188,50,NA,0.08,FALSE,FALSE,14,"Monday",FALSE
"PIB:Station:1801",2026-08-24 14:00:00,8,8,8,0,0,0,0,0,0,"Los Lorentes Residences - Bern",46.948677,7.4081635,50,NA,0.16,FALSE,FALSE,14,"Monday",FALSE
"PIB:Station:1803",2026-08-24 14:00:00,3,3,3,0,0,0,0,0,0,"Guisanplatz - Bern",46.958717,7.4646416,50,NA,0.06,FALSE,FALSE,14,"Monday",FALSE
"PIB:Station:1804",2026-08-24 14:00:00,2,2,2,0,0,0,0,0,0,"Rosengarten Ost - Bern",46.95206,7.4615755,50,NA,0.04,FALSE,FALSE,14,"Monday",FALSE
"PIB:Station:1805",2026-08-24 14:00:00,3,3,3,0,0,0,0,0,0,"Ostermundigerstrasse - Bern",46.952507,7.467395,50,NA,0.06,FALSE,FALSE,14,"Monday",FALSE
"PIB:Station:1806",2026-08-24 14:00:00,5,5,5,0,0,0,0,0,0,"Zentweg - Bern",46.95548,7.4769044,50,NA,0.1,FALSE,FALSE,14,"Monday",FALSE
"PIB:Station:1807",2026-08-24 14:00:00,9,9,9,0,0,0,0,0,0,"Bärenpark - Bern",46.94787,7.4598913,50,NA,0.18,FALSE,FALSE,14,"Monday",FALSE
"PIB:Station:1808",2026-08-24 14:00:00,5,5,5,0,0,0,0,0,0,"Schule Laubegg - Bern",46.94713,7.465731,50,NA,0.1,FALSE,FALSE,14,"Monday",FALSE
"PIB:Station:1809",2026-08-24 14:00:00,1,1,1,0,0,0,0,0,0,"Giacomettistrasse - Bern",46.94581,7.4729347,50,NA,0.02,FALSE,FALSE,14,"Monday",FALSE
"PIB:Station:1810",2026-08-24 14:00:00,3,3,3,0,0,0,0,0,0,"Egelgasse-Ostring - Bern",46.943806,7.469424,50,NA,0.06,FALSE,FALSE,14,"Monday",FALSE
"PIB:Station:1811",2026-08-24 14:00:00,3,3,3,0,0,0,0,0,0,"Spital Sonnenhof - Bern",46.9432,7.4735436,50,NA,0.06,FALSE,FALSE,14,"Monday",FALSE
"PIB:Station:1812",2026-08-24 14:00:00,3,3,3,0,0,0,0,0,0,"Helvetiaplatz - Bern",46.943993,7.449697,50,NA,0.06,FALSE,FALSE,14,"Monday",FALSE
"PIB:Station:1813",2026-08-24 14:00:00,14,14,14,0,0,0,0,0,0,"Museen Bernastrasse - Bern",46.94138,7.448788,50,NA,0.28,FALSE,FALSE,14,"Monday",FALSE
"PIB:Station:1814",2026-08-24 14:00:00,15,15,15,0,0,0,0,0,0,"Nationalbibliothek - Bern",46.941257,7.45071,50,NA,0.3,FALSE,FALSE,14,"Monday",FALSE
"PIB:Station:1815",2026-08-24 14:00:00,12,12,12,0,0,0,0,0,0,"Anshelmstrasse - Bern",46.938965,7.4476523,50,NA,0.24,FALSE,FALSE,14,"Monday",FALSE
"PIB:Station:1816",2026-08-24 14:00:00,5,5,5,0,0,0,0,0,0,"Jubiläumsplatz - Bern",46.940178,7.453041,50,NA,0.1,FALSE,FALSE,14,"Monday",FALSE
"PIB:Station:1817",2026-08-24 14:00:00,9,9,9,0,0,0,0,0,0,"Ka-We-De - Bern",46.935627,7.44591,50,NA,0.18,FALSE,FALSE,14,"Monday",FALSE
"PIB:Station:1818",2026-08-24 14:00:00,19,19,19,0,0,0,0,0,0,"Dählhölzli - Bern",46.933643,7.4482503,50,NA,0.38,FALSE,FALSE,14,"Monday",FALSE
"PIB:Station:1819",2026-08-24 14:00:00,2,2,2,0,0,0,0,0,0,"Luisenstrasse - Bern",46.94235,7.4527755,50,NA,0.04,FALSE,FALSE,14,"Monday",FALSE
"PIB:Station:1820",2026-08-24 14:00:00,1,1,1,0,0,0,0,0,0,"Seminarstrasse - Bern",46.94273,7.4595447,50,NA,0.02,FALSE,FALSE,14,"Monday",FALSE
"PIB:Station:1821",2026-08-24 14:00:00,2,2,2,0,0,0,0,0,0,"Böcklinstrasse - Bern",46.941624,7.463198,50,NA,0.04,FALSE,FALSE,14,"Monday",FALSE
"PIB:Station:1822",2026-08-24 14:00:00,2,2,2,0,0,0,0,0,0,"Jolimontstrasse - Bern",46.94155,7.4708853,50,NA,0.04,FALSE,FALSE,14,"Monday",FALSE
"PIB:Station:1823",2026-08-24 14:00:00,3,3,3,0,0,0,0,0,0,"Ringoltingenstrasse - Bern",46.93667,7.467993,50,NA,0.06,FALSE,FALSE,14,"Monday",FALSE
"PIB:Station:1824",2026-08-24 14:00:00,3,3,3,0,0,0,0,0,0,"Egghölzli - Bern",46.936634,7.4758286,50,NA,0.06,FALSE,FALSE,14,"Monday",FALSE
"PIB:Station:1825",2026-08-24 14:00:00,5,5,5,0,0,0,0,0,0,"Elfenau - Bern",46.93336,7.4663825,50,NA,0.1,FALSE,FALSE,14,"Monday",FALSE
"PIB:Station:1826",2026-08-24 14:00:00,0,0,0,0,0,0,0,0,0,"Zentrum Paul Klee - Bern",46.95099,7.472621,50,NA,0,TRUE,FALSE,14,"Monday",FALSE
"PIB:Station:1827",2026-08-24 14:00:00,4,4,4,0,0,0,0,0,0,"Egelsee - Bern",46.943535,7.46329,50,NA,0.08,FALSE,FALSE,14,"Monday",FALSE
"PIB:Station:1828",2026-08-24 14:00:00,1,1,1,0,0,0,0,0,0,"Thunplatz - Bern",46.9403,7.458606,50,NA,0.02,FALSE,FALSE,14,"Monday",FALSE
"PIB:Station:1829",2026-08-24 14:00:00,17,17,17,0,0,0,0,0,0,"Wittigkofen - Bern",46.938446,7.4807897,50,NA,0.34,FALSE,FALSE,14,"Monday",FALSE
"PIB:Station:1830",2026-08-24 14:00:00,1,1,1,0,0,0,0,0,0,"Burgernziel - Bern",46.941475,7.46644,50,NA,0.02,FALSE,FALSE,14,"Monday",FALSE
"PIB:Station:1831",2026-08-24 14:00:00,0,0,0,0,0,0,0,0,0,"Elfenauweg - Bern",46.939457,7.4697275,50,NA,0,TRUE,FALSE,14,"Monday",FALSE
"PIB:Station:1832",2026-08-24 14:00:00,6,6,6,0,0,0,0,0,0,"Mittelholzerstrasse - Bern",46.95907,7.4777536,50,NA,0.12,FALSE,FALSE,14,"Monday",FALSE
"PIB:Station:1833",2026-08-24 14:00:00,3,3,3,0,0,0,0,0,0,"Weltistrasse - Bern",46.94612,7.475814,50,NA,0.06,FALSE,FALSE,14,"Monday",FALSE
"PIB:Station:1834",2026-08-24 14:00:00,13,13,13,0,0,0,0,0,0,"Obere Zollgasse - Bern",46.946857,7.483653,50,NA,0.26,FALSE,FALSE,14,"Monday",FALSE
"PIB:Station:1835",2026-08-24 14:00:00,9,9,9,0,0,0,0,0,0,"Swiss Prime Site Immobilien AG - Bern",46.938747,7.4752083,50,NA,0.18,FALSE,FALSE,14,"Monday",FALSE
"PIB:Station:1840",2026-08-24 14:00:00,2,2,2,0,0,0,0,0,0,"Liebeggweg - Bern",46.94475,7.4606833,50,NA,0.04,FALSE,FALSE,14,"Monday",FALSE
"PIB:Station:1841",2026-08-24 14:00:00,5,5,5,0,0,0,0,0,0,"Kollerweg - Bern",46.943863,7.455008,50,NA,0.1,FALSE,FALSE,14,"Monday",FALSE
"PIB:Station:1842",2026-08-24 14:00:00,2,2,2,0,0,0,0,0,0,"Brunnadernstrasse - Bern",46.940506,7.4631896,50,NA,0.04,FALSE,FALSE,14,"Monday",FALSE
"PIB:Station:1844",2026-08-24 14:00:00,6,6,6,0,0,0,0,0,0,"Bernexpo - Bern",46.961052,7.465428,50,NA,0.12,FALSE,FALSE,14,"Monday",FALSE
"PIB:Station:1845",2026-08-24 14:00:00,11,11,11,0,0,0,0,0,0,"Manuelstrasse - Bern",46.93333,7.471794,50,NA,0.22,FALSE,FALSE,14,"Monday",FALSE
"PIB:Station:1846",2026-08-24 14:00:00,8,8,8,0,0,0,0,0,0,"UPZ Restaurant - Bern",46.96629,7.4831877,50,NA,0.16,FALSE,FALSE,14,"Monday",FALSE
"PIB:Station:1847",2026-08-24 14:00:00,4,4,4,0,0,0,0,0,0,"UPZ - Bern",46.965282,7.481025,50,NA,0.08,FALSE,FALSE,14,"Monday",FALSE
"PIB:Station:1848",2026-08-24 14:00:00,6,6,6,0,0,0,0,0,0,"Libellenweg - Bern",46.95453,7.4742894,50,NA,0.12,FALSE,FALSE,14,"Monday",FALSE
"PIB:Station:1849",2026-08-24 14:00:00,5,5,5,0,0,0,0,0,0,"Lorrainebrücke - Bern",46.95434,7.4453483,50,NA,0.1,FALSE,FALSE,14,"Monday",FALSE
"PIB:Station:1850",2026-08-24 14:00:00,1,1,1,0,0,0,0,0,0,"Dammweg TX Group AG - Bern",46.955917,7.4467797,50,NA,0.02,FALSE,FALSE,14,"Monday",FALSE
"PIB:Station:1851",2026-08-24 14:00:00,6,6,6,0,0,0,0,0,0,"Quartiergasse - Bern",46.95801,7.4449573,50,NA,0.12,FALSE,FALSE,14,"Monday",FALSE
"PIB:Station:1852",2026-08-24 14:00:00,1,1,1,0,0,0,0,0,0,"Römerweg - Bern",46.958252,7.4475737,50,NA,0.02,FALSE,FALSE,14,"Monday",FALSE
"PIB:Station:1853",2026-08-24 14:00:00,2,2,2,0,0,0,0,0,0,"SBB Wylerpark - Bern",46.96131,7.4466596,50,NA,0.04,FALSE,FALSE,14,"Monday",FALSE
"PIB:Station:1854",2026-08-24 14:00:00,1,1,1,0,0,0,0,0,0,"Wyleregg - Bern",46.960354,7.448583,50,NA,0.02,FALSE,FALSE,14,"Monday",FALSE
"PIB:Station:1855",2026-08-24 14:00:00,1,1,1,0,0,0,0,0,0,"Wylerbad - Bern",46.96503,7.4514623,50,NA,0.02,FALSE,FALSE,14,"Monday",FALSE
"PIB:Station:1856",2026-08-24 14:00:00,3,3,3,0,0,0,0,0,0,"Breitfeld - Bern",46.961964,7.4529624,50,NA,0.06,FALSE,FALSE,14,"Monday",FALSE
"PIB:Station:1857",2026-08-24 14:00:00,1,1,1,0,0,0,0,0,0,"Markuskirche - Bern",46.96351,7.4555163,50,NA,0.02,FALSE,FALSE,14,"Monday",FALSE
"PIB:Station:1858",2026-08-24 14:00:00,6,6,6,0,0,0,0,0,0,"Wankdorffeldstrasse - Bern",46.965027,7.4589906,50,NA,0.12,FALSE,FALSE,14,"Monday",FALSE
"PIB:Station:1859",2026-08-24 14:00:00,3,3,3,0,0,0,0,0,0,"Kursaal - Bern",46.952526,7.4498353,50,NA,0.06,FALSE,FALSE,14,"Monday",FALSE
"PIB:Station:1860",2026-08-24 14:00:00,1,1,1,0,0,0,0,0,0,"Viktoriaplatz - Bern",46.955166,7.4518366,50,NA,0.02,FALSE,FALSE,14,"Monday",FALSE
"PIB:Station:1861",2026-08-24 14:00:00,1,1,1,0,0,0,0,0,0,"Schule Spitalacker - Bern",46.95583,7.452994,50,NA,0.02,FALSE,FALSE,14,"Monday",FALSE
"PIB:Station:1862",2026-08-24 14:00:00,2,2,2,0,0,0,0,0,0,"Breitenrainstrasse  - Bern",46.957348,7.4514375,50,NA,0.04,FALSE,FALSE,14,"Monday",FALSE
"PIB:Station:1863",2026-08-24 14:00:00,4,4,4,0,0,0,0,0,0,"Breitenrainplatz - Bern",46.95793,7.45376,50,NA,0.08,FALSE,FALSE,14,"Monday",FALSE
"PIB:Station:1864",2026-08-24 14:00:00,1,1,1,0,0,0,0,0,0,"Allmendstrasse - Bern",46.959347,7.4518027,50,NA,0.02,FALSE,FALSE,14,"Monday",FALSE
"PIB:Station:1865",2026-08-24 14:00:00,1,1,1,0,0,0,0,0,0,"Stauffacherplatz - Bern",46.960117,7.454339,50,NA,0.02,FALSE,FALSE,14,"Monday",FALSE
"PIB:Station:1866",2026-08-24 14:00:00,2,2,2,0,0,0,0,0,0,"Tellplatz - Bern",46.961857,7.459266,50,NA,0.04,FALSE,FALSE,14,"Monday",FALSE
"PIB:Station:1867",2026-08-24 14:00:00,1,1,1,0,0,0,0,0,0,"Schönburg - Bern",46.95382,7.45818,50,NA,0.02,FALSE,FALSE,14,"Monday",FALSE
"PIB:Station:1868",2026-08-24 14:00:00,1,1,1,0,0,0,0,0,0,"Kasernenstrasse - Bern",46.95495,7.4598145,50,NA,0.02,FALSE,FALSE,14,"Monday",FALSE
"PIB:Station:1869",2026-08-24 14:00:00,1,1,1,0,0,0,0,0,0,"Kasernenwiese - Bern",46.958595,7.4569297,50,NA,0.02,FALSE,FALSE,14,"Monday",FALSE
"PIB:Station:1870",2026-08-24 14:00:00,2,2,2,0,0,0,0,0,0,"Tellstrasse - Bern",46.960327,7.4614544,50,NA,0.04,FALSE,FALSE,14,"Monday",FALSE
"PIB:Station:1871",2026-08-24 14:00:00,2,2,2,0,0,0,0,0,0,"Stadion Wankdorf - Bern",46.962734,7.462758,50,NA,0.04,FALSE,FALSE,14,"Monday",FALSE
"PIB:Station:1872",2026-08-24 14:00:00,1,1,1,0,0,0,0,0,0,"Sporthalle Wankdorf - Bern",46.96448,7.466948,50,NA,0.02,FALSE,FALSE,14,"Monday",FALSE
"PIB:Station:1873",2026-08-24 14:00:00,22,22,22,0,0,0,0,0,0,"Bahnhof Wankdorf Süd  - Bern",46.966583,7.4639626,80,NA,0.275,FALSE,FALSE,14,"Monday",FALSE
"PIB:Station:1874",2026-08-24 14:00:00,3,3,3,0,0,0,0,0,0,"Bahnhof Wankdorf Nord - Bern",46.9679,7.4652033,50,NA,0.06,FALSE,FALSE,14,"Monday",FALSE
"PIB:Station:1875",2026-08-24 14:00:00,7,7,7,0,0,0,0,0,0,"Stauffacherstrasse - Bern",46.966248,7.455832,50,NA,0.14,FALSE,FALSE,14,"Monday",FALSE
"PIB:Station:1876",2026-08-24 14:00:00,2,2,2,0,0,0,0,0,0,"Altenbergstrasse - Bern",46.95052,7.4515915,50,NA,0.04,FALSE,FALSE,14,"Monday",FALSE
"PIB:Station:1877",2026-08-24 14:00:00,3,3,3,0,0,0,0,0,0,"Salem-Spital - Bern",46.952698,7.454582,50,NA,0.06,FALSE,FALSE,14,"Monday",FALSE
"PIB:Station:1878",2026-08-24 14:00:00,4,4,4,0,0,0,0,0,0,"Dändlikerweg - Bern",46.964798,7.44842,50,NA,0.08,FALSE,FALSE,14,"Monday",FALSE
"PIB:Station:1879",2026-08-24 14:00:00,1,1,1,0,0,0,0,0,0,"Greyerzstrasse - Bern",46.955406,7.448853,50,NA,0.02,FALSE,FALSE,14,"Monday",FALSE
"PIB:Station:1880",2026-08-24 14:00:00,2,2,2,0,0,0,0,0,0,"Wyttenbachstrasse - Bern",46.95401,7.446931,50,NA,0.04,FALSE,FALSE,14,"Monday",FALSE
"PIB:Station:1882",2026-08-24 14:00:00,3,3,3,0,0,0,0,0,0,"Wylerringstrasse - Bern",46.963005,7.4498057,50,NA,0.06,FALSE,FALSE,14,"Monday",FALSE
"PIB:Station:1883",2026-08-24 14:00:00,6,6,6,0,0,0,0,0,0,"Jaunweg - Bern",46.967163,7.450031,50,NA,0.12,FALSE,FALSE,14,"Monday",FALSE
"PIB:Station:1885",2026-08-24 14:00:00,5,5,5,0,0,0,0,0,0,"Rabbentalstrasse - Bern",46.9522,7.4474373,50,NA,0.1,FALSE,FALSE,14,"Monday",FALSE
"PIB:Station:1886",2026-08-24 14:00:00,0,0,0,0,0,0,0,0,0,"Lagerweg - Bern",46.956493,7.4454317,50,NA,0,TRUE,FALSE,14,"Monday",FALSE
"PIB:Station:1887",2026-08-24 14:00:00,2,2,2,0,0,0,0,0,0,"Grimselstrasse - Bern",46.963017,7.4454265,50,NA,0.04,FALSE,FALSE,14,"Monday",FALSE
"PIB:Station:1888",2026-08-24 14:00:00,15,15,15,0,0,0,0,0,0,"SBB Hilfikerstrasse - Bern",46.96845,7.4624267,50,NA,0.3,FALSE,FALSE,14,"Monday",FALSE
"PIB:Station:1889",2026-08-24 14:00:00,4,4,4,0,0,0,0,0,0,"Weyermannshaus Bad - Bern",46.947742,7.4035697,50,NA,0.08,FALSE,FALSE,14,"Monday",FALSE
"PIB:Station:1890",2026-08-24 14:00:00,2,2,2,0,0,0,0,0,0,"Bahnhof Stöckacker - Bern",46.946663,7.400752,50,NA,0.04,FALSE,FALSE,14,"Monday",FALSE
"PIB:Station:1891",2026-08-24 14:00:00,3,3,3,0,0,0,0,0,0,"Bethlehem Säge - Bern",46.947063,7.3957644,50,NA,0.06,FALSE,FALSE,14,"Monday",FALSE
"PIB:Station:1892",2026-08-24 14:00:00,3,3,3,0,0,0,0,0,0,"Bethlehem Kirche - Bern",46.949066,7.3933387,50,NA,0.06,FALSE,FALSE,14,"Monday",FALSE
"PIB:Station:1893",2026-08-24 14:00:00,8,8,8,0,0,0,0,0,0,"Melchiorstrasse - Bern",46.952374,7.3914895,50,NA,0.16,FALSE,FALSE,14,"Monday",FALSE
"PIB:Station:1894",2026-08-24 14:00:00,4,4,4,0,0,0,0,0,0,"Tscharnergut - Bern",46.948975,7.3882294,50,NA,0.08,FALSE,FALSE,14,"Monday",FALSE
"PIB:Station:1895",2026-08-24 14:00:00,7,7,7,0,0,0,0,0,0,"Fellerstrasse - Bern",46.946945,7.388947,50,NA,0.14,FALSE,FALSE,14,"Monday",FALSE
"PIB:Station:1896",2026-08-24 14:00:00,1,1,1,0,0,0,0,0,0,"Holenacker - Bern",46.94862,7.3827505,50,NA,0.02,FALSE,FALSE,14,"Monday",FALSE
"PIB:Station:1897",2026-08-24 14:00:00,0,0,0,0,0,0,0,0,0,"Holenackerstrasse - Bern",46.94941,7.381449,50,NA,0,TRUE,FALSE,14,"Monday",FALSE
"PIB:Station:1898",2026-08-24 14:00:00,8,8,8,0,0,0,0,0,0,"Gäbelbach - Bern",46.947826,7.3778143,50,NA,0.16,FALSE,FALSE,14,"Monday",FALSE
"PIB:Station:1899",2026-08-24 14:00:00,1,1,1,0,0,0,0,0,0,"Riedbachstrasse - Bern",46.94503,7.3791685,50,NA,0.02,FALSE,FALSE,14,"Monday",FALSE
"PIB:Station:1900",2026-08-24 14:00:00,3,3,3,0,0,0,0,0,0,"Westside - Bern",46.94396,7.3746104,50,NA,0.06,FALSE,FALSE,14,"Monday",FALSE
"PIB:Station:1901",2026-08-24 14:00:00,2,2,2,0,0,0,0,0,0,"Bethlehemstrasse  - Bern",46.94425,7.399471,50,NA,0.04,FALSE,FALSE,14,"Monday",FALSE
"PIB:Station:1902",2026-08-24 14:00:00,1,1,1,0,0,0,0,0,0,"Schwabstrasse - Bern",46.943817,7.3955793,50,NA,0.02,FALSE,FALSE,14,"Monday",FALSE
"PIB:Station:1903",2026-08-24 14:00:00,3,3,3,0,0,0,0,0,0,"Schwabgut - Bern",46.94547,7.3928075,50,NA,0.06,FALSE,FALSE,14,"Monday",FALSE
"PIB:Station:1904",2026-08-24 14:00:00,6,6,6,0,0,0,0,0,0,"Bahnhof Bümpliz Nord - Bern",46.94564,7.390081,50,NA,0.12,FALSE,FALSE,14,"Monday",FALSE
"PIB:Station:1905",2026-08-24 14:00:00,1,1,1,0,0,0,0,0,0,"Brünnenstrasse - Bern",46.942787,7.3870745,50,NA,0.02,FALSE,FALSE,14,"Monday",FALSE
"PIB:Station:1906",2026-08-24 14:00:00,1,1,1,0,0,0,0,0,0,"Stapfenacker - Bern",46.943924,7.385305,50,NA,0.02,FALSE,FALSE,14,"Monday",FALSE
"PIB:Station:1907",2026-08-24 14:00:00,2,2,2,0,0,0,0,0,0,"Kirche St. Antonius - Bern",46.93992,7.3950324,50,NA,0.04,FALSE,FALSE,14,"Monday",FALSE
"PIB:Station:1908",2026-08-24 14:00:00,2,2,2,0,0,0,0,0,0,"Bümpliz Post - Bern",46.941723,7.3930044,50,NA,0.04,FALSE,FALSE,14,"Monday",FALSE
"PIB:Station:1909",2026-08-24 14:00:00,2,2,2,0,0,0,0,0,0,"Bümplizstrasse Fussgängerzone - Bern",46.94179,7.390651,50,NA,0.04,FALSE,FALSE,14,"Monday",FALSE
"PIB:Station:1910",2026-08-24 14:00:00,3,3,3,0,0,0,0,0,0,"Bachmätteli - Bern",46.939484,7.389994,50,NA,0.06,FALSE,FALSE,14,"Monday",FALSE
"PIB:Station:1911",2026-08-24 14:00:00,2,2,2,0,0,0,0,0,0,"Statthalterstrasse - Bern",46.939358,7.3863864,50,NA,0.04,FALSE,FALSE,14,"Monday",FALSE
"PIB:Station:1912",2026-08-24 14:00:00,5,5,5,0,0,0,0,0,0,"Kleefeld - Bern",46.937206,7.3872266,50,NA,0.1,FALSE,FALSE,14,"Monday",FALSE
"PIB:Station:1913",2026-08-24 14:00:00,5,5,5,0,0,0,0,0,0,"Waldmeisterstrasse - Bern",46.939934,7.382509,50,NA,0.1,FALSE,FALSE,14,"Monday",FALSE
"PIB:Station:1914",2026-08-24 14:00:00,1,1,1,0,0,0,0,0,0,"Bahnhof Bümpliz Süd - Bern",46.937897,7.3954725,50,NA,0.02,FALSE,FALSE,14,"Monday",FALSE
"PIB:Station:1915",2026-08-24 14:00:00,3,3,3,0,0,0,0,0,0,"Weidgasse - Bern",46.935852,7.390351,50,NA,0.06,FALSE,FALSE,14,"Monday",FALSE
"PIB:Station:1916",2026-08-24 14:00:00,4,4,4,0,0,0,0,0,0,"Waldmannstrasse - Bern",46.9473,7.393213,50,NA,0.08,FALSE,FALSE,14,"Monday",FALSE
"PIB:Station:1917",2026-08-24 14:00:00,4,4,4,0,0,0,0,0,0,"Oberbottigen - Bern",46.93538,7.350089,50,NA,0.08,FALSE,FALSE,14,"Monday",FALSE
"PIB:Station:1918",2026-08-24 14:00:00,11,11,11,0,0,0,0,0,0,"Bahnhof Riedbach - Bern",46.941273,7.3351555,50,NA,0.22,FALSE,FALSE,14,"Monday",FALSE
"PIB:Station:1919",2026-08-24 14:00:00,1,1,1,0,0,0,0,0,0,"Weidmattweg - Bern",46.936584,7.3954744,50,NA,0.02,FALSE,FALSE,14,"Monday",FALSE
"PIB:Station:1920",2026-08-24 14:00:00,6,6,6,0,0,0,0,0,0,"Stöckacker Süd - Bern",46.94304,7.401625,50,NA,0.12,FALSE,FALSE,14,"Monday",FALSE
"PIB:Station:1921",2026-08-24 14:00:00,3,3,3,0,0,0,0,0,0,"Burgunderstrasse - Bern",46.940945,7.3981967,50,NA,0.06,FALSE,FALSE,14,"Monday",FALSE
"PIB:Station:1922",2026-08-24 14:00:00,7,7,7,0,0,0,0,0,0,"Tram-Endstation Bümpliz - Bern",46.93744,7.3808427,50,NA,0.14,FALSE,FALSE,14,"Monday",FALSE
"PIB:Station:1926",2026-08-24 14:00:00,1,1,1,0,0,0,0,0,0,"Freiburgstrasse - Bern",46.94228,7.404589,50,NA,0.02,FALSE,FALSE,14,"Monday",FALSE
"PIB:Station:1928",2026-08-24 14:00:00,1,1,1,0,0,0,0,0,0,"Abendstrasse - Bern",46.9465,7.385427,50,NA,0.02,FALSE,FALSE,14,"Monday",FALSE
"PIB:Station:1929",2026-08-24 14:00:00,4,4,4,0,0,0,0,0,0,"Wangenmatt - Bern",46.932426,7.382477,50,NA,0.08,FALSE,FALSE,14,"Monday",FALSE
"PIB:Station:1932",2026-08-24 14:00:00,15,15,15,0,0,0,0,0,0,"Eymatt - Bern",46.962902,7.38379,50,NA,0.3,FALSE,FALSE,14,"Monday",FALSE
"PIB:Station:1962",2026-08-24 14:00:00,6,6,6,0,0,0,0,0,0,"UPD Neuhaus - Ittigen - Bern",46.969498,7.4858007,50,NA,0.12,FALSE,FALSE,14,"Monday",FALSE
"PIB:Station:1963",2026-08-24 14:00:00,6,6,6,0,0,0,0,0,0,"GVB - Ittigen - Bern",46.970993,7.472098,50,NA,0.12,FALSE,FALSE,14,"Monday",FALSE
"PIB:Station:1964",2026-08-24 14:00:00,3,3,3,0,0,0,0,0,0,"Ittigen Bahnhof  - Ittigen - Bern",46.97332,7.484835,50,NA,0.06,FALSE,FALSE,14,"Monday",FALSE
"PIB:Station:1965",2026-08-24 14:00:00,5,5,5,0,0,0,0,0,0,"Papiermühle Bahnhof - Ittigen - Bern",46.97422,7.476824,50,NA,0.1,FALSE,FALSE,14,"Monday",FALSE
"PIB:Station:1966",2026-08-24 14:00:00,6,6,6,0,0,0,0,0,0,"Worblaufen RBS Bahnhof - Ittigen - Bern",46.97945,7.457144,50,NA,0.12,FALSE,FALSE,14,"Monday",FALSE
"PIB:Station:1967",2026-08-24 14:00:00,13,13,13,0,0,0,0,0,0,"Bundesamt für Energie  - Ittigen - Bern",46.976025,7.4726787,50,NA,0.26,FALSE,FALSE,14,"Monday",FALSE
"PIB:Station:1968",2026-08-24 14:00:00,6,6,6,0,0,0,0,0,0,"Wabern Bahnhof - Köniz - Bern",46.928776,7.4460897,50,NA,0.12,FALSE,FALSE,14,"Monday",FALSE
"PIB:Station:1969",2026-08-24 14:00:00,8,8,8,0,0,0,0,0,0,"Steinhölzli - Köniz - Bern",46.93039,7.4281893,50,NA,0.16,FALSE,FALSE,14,"Monday",FALSE
"PIB:Station:1970",2026-08-24 14:00:00,13,13,13,0,0,0,0,0,0,"Liebefeld Park - Köniz - Bern",46.92965,7.4209533,50,NA,0.26,FALSE,FALSE,14,"Monday",FALSE
"PIB:Station:1971",2026-08-24 14:00:00,2,2,2,0,0,0,0,0,0,"Neuhausplatz - Köniz - Bern",46.92905,7.41723,50,NA,0.04,FALSE,FALSE,14,"Monday",FALSE
"PIB:Station:1972",2026-08-24 14:00:00,9,9,9,0,0,0,0,0,0,"Köniz Zentrum - Köniz - Bern",46.922974,7.414112,50,NA,0.18,FALSE,FALSE,14,"Monday",FALSE
"PIB:Station:1973",2026-08-24 14:00:00,16,16,16,0,0,0,0,0,0,"Jägerweg - Köniz - Bern",46.933697,7.4234095,50,NA,0.32,FALSE,FALSE,14,"Monday",FALSE
"PIB:Station:1974",2026-08-24 14:00:00,3,3,3,0,0,0,0,0,0,"Tram-Endstation - Köniz  - Bern",46.92794,7.452766,50,NA,0.06,FALSE,FALSE,14,"Monday",FALSE
"PIB:Station:1975",2026-08-24 14:00:00,3,3,3,0,0,0,0,0,0,"Vidmar - Köniz  - Bern",46.935623,7.416583,50,NA,0.06,FALSE,FALSE,14,"Monday",FALSE
"PIB:Station:1976",2026-08-24 14:00:00,2,2,2,0,0,0,0,0,0,"Wabern Zentrum - Köniz  - Bern",46.928993,7.450259,50,NA,0.04,FALSE,FALSE,14,"Monday",FALSE
"PIB:Station:1977",2026-08-24 14:00:00,3,3,3,0,0,0,0,0,0,"Bellevuestrasse - Köniz - Bern",46.92665,7.435955,50,NA,0.06,FALSE,FALSE,14,"Monday",FALSE
"PIB:Station:1978",2026-08-24 14:00:00,3,3,3,0,0,0,0,0,0,"Niederwangen Bahnhof - Köniz  - Bern",46.92607,7.3774567,50,NA,0.06,FALSE,FALSE,14,"Monday",FALSE
"PIB:Station:1979",2026-08-24 14:00:00,8,8,8,0,0,0,0,0,0,"Brühlplatz - Köniz  - Bern",46.9262,7.4172397,50,NA,0.16,FALSE,FALSE,14,"Monday",FALSE
"PIB:Station:1982",2026-08-24 14:00:00,4,4,4,0,0,0,0,0,0,"Sandrain - Köniz - Bern",46.931347,7.446041,50,NA,0.08,FALSE,FALSE,14,"Monday",FALSE
"PIB:Station:1983",2026-08-24 14:00:00,2,2,2,0,0,0,0,0,0,"Entsorgungshof Werkhof - Köniz - Bern",46.91608,7.41861,50,NA,0.04,FALSE,FALSE,14,"Monday",FALSE
"PIB:Station:1984",2026-08-24 14:00:00,7,7,7,0,0,0,0,0,0,"Camping Eichholz - Bern - Köniz",46.933125,7.455942,50,NA,0.14,FALSE,FALSE,14,"Monday",FALSE
"PIB:Station:1985",2026-08-24 14:00:00,7,7,7,0,0,0,0,0,0,"Bahnhof Gümligen - Bern - Muri",46.93358,7.5050693,50,NA,0.14,FALSE,FALSE,14,"Monday",FALSE
"PIB:Station:1986",2026-08-24 14:00:00,16,16,16,0,0,0,0,0,0,"Sternen Muri - Bern - Muri",46.931664,7.485394,50,NA,0.32,FALSE,FALSE,14,"Monday",FALSE
"PIB:Station:1987",2026-08-24 14:00:00,11,11,11,0,0,0,0,0,0,"Waldheimstrasse - Bern - Ostermundigen",46.951233,7.487047,50,NA,0.22,FALSE,FALSE,14,"Monday",FALSE
"PIB:Station:1988",2026-08-24 14:00:00,3,3,3,0,0,0,0,0,0,"Zollgasse - Bern - Ostermundigen",46.958103,7.48795,50,NA,0.06,FALSE,FALSE,14,"Monday",FALSE
"PIB:Station:1989",2026-08-24 14:00:00,13,13,13,0,0,0,0,0,0,"Oberfeld - Bern - Ostermundigen",46.95611,7.4983077,50,NA,0.26,FALSE,FALSE,14,"Monday",FALSE
"PIB:Station:1990",2026-08-24 14:00:00,4,4,4,0,0,0,0,0,0,"Wegmühlegässli - Bern - Ostermundigen",46.958153,7.492629,50,NA,0.08,FALSE,FALSE,14,"Monday",FALSE
"PIB:Station:1991",2026-08-24 14:00:00,10,10,10,0,0,0,0,0,0,"Bahnhof - Bern - Ostermundigen",46.956593,7.4829803,50,NA,0.2,FALSE,FALSE,14,"Monday",FALSE
"PIB:Station:1992",2026-08-24 14:00:00,0,0,0,0,0,0,0,0,0,"Geisshubel - Bern - Zollikofen",46.999966,7.4420843,50,NA,0,TRUE,FALSE,14,"Monday",FALSE
"PIB:Station:1993",2026-08-24 14:00:00,6,6,6,0,0,0,0,0,0,"Zollikofen Bahnhof - Bern - Zollikofen",46.99987,7.4618397,50,NA,0.12,FALSE,FALSE,14,"Monday",FALSE
"PIB:Station:1994",2026-08-24 14:00:00,1,1,1,0,0,0,0,0,0,"Ziegelei Märit - Bern - Zollikofen",46.99731,7.4587965,50,NA,0.02,FALSE,FALSE,14,"Monday",FALSE
"PIB:Station:1995",2026-08-24 14:00:00,2,2,2,0,0,0,0,0,0,"Unterzollikofen Bahnhof - Bern - Zollikofen",46.99209,7.457338,50,NA,0.04,FALSE,FALSE,14,"Monday",FALSE
"PIB:Station:1996",2026-08-24 14:00:00,0,0,0,0,0,0,0,0,0,"Gurten Kulm - Bern - Köniz",46.919144,7.4383883,50,NA,0,TRUE,FALSE,14,"Monday",FALSE
"PIB:Station:1997",2026-08-24 14:00:00,3,3,3,0,0,0,0,0,0,"Gasel BLS SwissBikePark - Bern - Köniz",46.900818,7.4010544,50,NA,0.06,FALSE,FALSE,14,"Monday",FALSE
"PIB:Station:1998",2026-08-24 14:00:00,2,2,2,0,0,0,0,0,0,"SwissBikePark Oberried - Bern - Köniz",46.8892,7.367123,50,NA,0.04,FALSE,FALSE,14,"Monday",FALSE
"PIB:Station:1999",2026-08-24 14:00:00,2,2,2,0,0,0,0,0,0,"Thörishaus Dorf SBB SwissBikePark - Bern - Köniz",46.89372,7.351743,50,NA,0.04,FALSE,FALSE,14,"Monday",FALSE
"PIB:Station:2000",2026-08-24 14:00:00,8,8,8,0,0,0,0,0,0,"Bodelenweg - Bern - Köniz",46.927734,7.369732,50,NA,0.16,FALSE,FALSE,14,"Monday",FALSE
"PIB:Station:2001",2026-08-24 14:00:00,6,6,6,0,0,0,0,0,0,"Bauhaus Fachcentren AG - Bern - Köniz",46.93153,7.378906,50,NA,0.12,FALSE,FALSE,14,"Monday",FALSE
"PIB:Station:2002",2026-08-24 14:00:00,6,6,6,0,0,0,0,0,0,"INFORAMA - Bern - Zollikofen",46.98837,7.4633174,50,NA,0.12,FALSE,FALSE,14,"Monday",FALSE
"PIB:Station:2003",2026-08-24 14:00:00,5,5,5,0,0,0,0,0,0,"BFH-HAFL, Zollikofen - Bern - Zollikofen",46.991333,7.4674635,50,NA,0.1,FALSE,FALSE,14,"Monday",FALSE
"PIB:Station:2004",2026-08-24 14:00:00,2,2,2,0,0,0,0,0,0,"RBS-Station - Bern - Moosseedorf",47.01538,7.483209,50,NA,0.04,FALSE,FALSE,14,"Monday",FALSE
"PIB:Station:2005",2026-08-24 14:00:00,9,9,9,0,0,0,0,0,0,"Marti AG/Prodega - Bern - Moosseedorf",47.012806,7.470061,50,NA,0.18,FALSE,FALSE,14,"Monday",FALSE
"PIB:Station:2006",2026-08-24 14:00:00,5,5,5,0,0,0,0,0,0,"Cinedome Muri - Bern - Muri",46.92693,7.5034904,50,NA,0.1,FALSE,FALSE,14,"Monday",FALSE
"PIB:Station:2007",2026-08-24 14:00:00,4,4,4,0,0,0,0,0,0,"Freibad - Bern - Ostermundigen",46.9465,7.4914618,50,NA,0.08,FALSE,FALSE,14,"Monday",FALSE
"PIB:Station:2009",2026-08-24 14:00:00,8,8,8,0,0,0,0,0,0,"Brüggbühlstrasse Papillon - Köniz - Bern",46.92809,7.386135,50,NA,0.16,FALSE,FALSE,14,"Monday",FALSE
"PIB:Station:2010",2026-08-24 14:00:00,0,0,0,0,0,0,0,0,0,"Talbodenstrasse - Köniz - Bern",46.911064,7.4101624,50,NA,0,TRUE,FALSE,14,"Monday",FALSE
"PIB:Station:2011",2026-08-24 14:00:00,3,3,3,0,0,0,0,0,0,"Fuhrenstrasse - Köniz  - Bern",46.90664,7.415389,50,NA,0.06,FALSE,FALSE,14,"Monday",FALSE
"PIB:Station:2012",2026-08-24 14:00:00,4,4,4,0,0,0,0,0,0,"Adlerweg - Köniz  - Bern",46.921364,7.423917,50,NA,0.08,FALSE,FALSE,14,"Monday",FALSE
"PIB:Station:2013",2026-08-24 14:00:00,3,3,3,0,0,0,0,0,0,"Könizbergstrasse - Köniz - Bern",46.928123,7.4106946,50,NA,0.06,FALSE,FALSE,14,"Monday",FALSE
"PIB:Station:2014",2026-08-24 14:00:00,12,12,12,0,0,0,0,0,0,"Lilienweg - Köniz - Bern",46.92239,7.4081717,50,NA,0.24,FALSE,FALSE,14,"Monday",FALSE
"PIB:Station:2015",2026-08-24 14:00:00,4,4,4,0,0,0,0,0,0,"Gartenstadtstrasse  - Köniz - Bern",46.926586,7.4140363,50,NA,0.08,FALSE,FALSE,14,"Monday",FALSE
"PIB:Station:2016",2026-08-24 14:00:00,3,3,3,0,0,0,0,0,0,"Lerbermattstrasse - Köniz - Bern",46.930206,7.438071,50,NA,0.06,FALSE,FALSE,14,"Monday",FALSE
"PIB:Station:2017",2026-08-24 14:00:00,2,2,2,0,0,0,0,0,0,"Balsigerrain - Köniz  - Bern",46.925606,7.433355,50,NA,0.04,FALSE,FALSE,14,"Monday",FALSE
"PIB:Station:2018",2026-08-24 14:00:00,16,16,16,0,0,0,0,0,0,"Gossetstrasse - Köniz  - Bern",46.93109,7.4573746,50,NA,0.32,FALSE,FALSE,14,"Monday",FALSE
"PIB:Station:2019",2026-08-24 14:00:00,7,7,7,0,0,0,0,0,0,"Nesslerenweg - Bern - Köniz",46.923195,7.461752,50,NA,0.14,FALSE,FALSE,14,"Monday",FALSE
"PIB:Station:2020",2026-08-24 14:00:00,8,8,8,0,0,0,0,0,0,"Eichmatt - Bern - Köniz",46.912807,7.4158354,50,NA,0.16,FALSE,FALSE,14,"Monday",FALSE
"PIB:Station:2021",2026-08-24 14:00:00,4,4,4,0,0,0,0,0,0,"Wangentalstrasse - Bern - Köniz",46.925835,7.3733263,50,NA,0.08,FALSE,FALSE,14,"Monday",FALSE
"PIB:Station:2022",2026-08-24 14:00:00,8,8,8,0,0,0,0,0,0,"Sportweg - Köniz - Bern",46.93344,7.4169717,50,NA,0.16,FALSE,FALSE,14,"Monday",FALSE
"PIB:Station:2031",2026-08-24 14:00:00,3,3,3,0,0,0,0,0,0,"Giessenbad - Bern - Belp",46.909973,7.5058103,50,NA,0.06,FALSE,FALSE,14,"Monday",FALSE
"PIB:Station:2032",2026-08-24 14:00:00,14,14,14,0,0,0,0,0,0,"Station Steinbach - Bern - Belp",46.895332,7.4931717,50,NA,0.28,FALSE,FALSE,14,"Monday",FALSE
"PIB:Station:2033",2026-08-24 14:00:00,13,13,13,0,0,0,0,0,0,"Bahnhof Belp - Bern - Belp",46.889057,7.4988666,50,NA,0.26,FALSE,FALSE,14,"Monday",FALSE
"PIB:Station:2034",2026-08-24 14:00:00,21,21,21,0,0,0,0,0,0,"Riedli - Bern - Belp",46.8798,7.5065145,50,NA,0.42,FALSE,FALSE,14,"Monday",FALSE
"PIB:Station:2037",2026-08-24 14:00:00,1,1,1,0,0,0,0,0,0,"Eissel - Bern - Belp",46.896458,7.505367,50,NA,0.02,FALSE,FALSE,14,"Monday",FALSE
"PIB:Station:2038",2026-08-24 14:00:00,20,20,20,0,0,0,0,0,0,"Mingerstrasse - Bern",46.956745,7.467898,50,NA,0.4,FALSE,FALSE,14,"Monday",FALSE
"PIB:Station:2039",2026-08-24 14:00:00,10,10,10,0,0,0,0,0,0,"RBS Deisswil - Bern - Deisswil",46.957508,7.5140076,50,NA,0.2,FALSE,FALSE,14,"Monday",FALSE
"PIB:Station:2040",2026-08-24 14:00:00,9,9,9,0,0,0,0,0,0,"RBS Stettlen - Bern - Stettlen",46.956932,7.523765,50,NA,0.18,FALSE,FALSE,14,"Monday",FALSE
"PIB:Station:2041",2026-08-24 14:00:00,14,14,14,0,0,0,0,0,0,"RBS Boll - Bern - Boll",46.95313,7.54743,50,NA,0.28,FALSE,FALSE,14,"Monday",FALSE
"PIB:Station:2042",2026-08-24 14:00:00,14,14,14,0,0,0,0,0,0,"Zehendermätteli - Bern",46.97977,7.4439344,50,NA,0.28,FALSE,FALSE,14,"Monday",FALSE
"PIB:Station:2045",2026-08-24 14:00:00,3,3,3,0,0,0,0,0,0,"Rathausparking - Bern",46.94896,7.451715,50,NA,0.06,FALSE,FALSE,14,"Monday",FALSE
"PIB:Station:2048",2026-08-24 14:00:00,9,9,9,0,0,0,0,0,0,"Thoracker - Bern - Muri",46.9357,7.486588,50,NA,0.18,FALSE,FALSE,14,"Monday",FALSE
"PIB:Station:2049",2026-08-24 14:00:00,17,17,17,0,0,0,0,0,0,"Seidenberg - Bern - Muri",46.93284,7.492246,50,NA,0.34,FALSE,FALSE,14,"Monday",FALSE
"PIB:Station:2050",2026-08-24 14:00:00,28,28,28,0,0,0,0,0,0,"Aarebad Muri - Bern - Muri",46.92541,7.4873934,50,NA,0.56,FALSE,FALSE,14,"Monday",FALSE
"PIB:Station:2051",2026-08-24 14:00:00,7,7,7,0,0,0,0,0,0,"Kräyigen / Waldried - Bern - Muri",46.927074,7.4956565,50,NA,0.14,FALSE,FALSE,14,"Monday",FALSE
"PIB:Station:2052",2026-08-24 14:00:00,5,5,5,0,0,0,0,0,0,"Gümligen Dorf - Bern - Muri",46.934875,7.511245,50,NA,0.1,FALSE,FALSE,14,"Monday",FALSE
"PIB:Station:2053",2026-08-24 14:00:00,5,5,5,0,0,0,0,0,0,"Sonnenfeld - Bern - Muri",46.92781,7.510392,50,NA,0.1,FALSE,FALSE,14,"Monday",FALSE
"PIB:Station:2054",2026-08-24 14:00:00,7,7,7,0,0,0,0,0,0,"Siloah - Bern - Muri",46.932682,7.516903,50,NA,0.14,FALSE,FALSE,14,"Monday",FALSE
"PIB:Station:2055",2026-08-24 14:00:00,14,14,14,0,0,0,0,0,0,"Melchenbühl - Bern - Muri",46.935757,7.4993343,50,NA,0.28,FALSE,FALSE,14,"Monday",FALSE
"PIB:Station:2059",2026-08-24 14:00:00,0,0,0,0,0,0,0,0,0,"Oberdorf - Bern - Zollikofen",46.998043,7.451261,50,NA,0,TRUE,FALSE,14,"Monday",FALSE
"PIB:Station:2060",2026-08-24 14:00:00,2,2,2,0,0,0,0,0,0,"Hirzenfeld - Bern - Zollikofen",47.002872,7.4441195,50,NA,0.04,FALSE,FALSE,14,"Monday",FALSE
"PIB:Station:2062",2026-08-24 14:00:00,17,17,17,0,0,0,0,0,0,"Kehrsatz Bahnhof Nord - Bern - Kehrsatz",46.914734,7.4674125,50,NA,0.34,FALSE,FALSE,14,"Monday",FALSE
"PIB:Station:2063",2026-08-24 14:00:00,8,8,8,0,0,0,0,0,0,"Kehrsatz Bahnhof - Bern - Kehrsatz",46.909016,7.4718585,50,NA,0.16,FALSE,FALSE,14,"Monday",FALSE
"PIB:Station:2080",2026-08-24 14:00:00,9,9,9,0,0,0,0,0,0,"Flurweg - Bern - Ostermundigen",46.953876,7.49403,50,NA,0.18,FALSE,FALSE,14,"Monday",FALSE
"PIB:Station:2100",2026-08-24 14:00:00,9,9,9,0,0,0,0,0,0,"Gemeindehaus Wohlen - Wohlen - Bern",46.970936,7.35682,20,NA,0.45,FALSE,FALSE,14,"Monday",FALSE
"PIB:Station:2101",2026-08-24 14:00:00,5,5,5,0,0,0,0,0,0,"Wohlei - Wohlen - Bern",46.96755,7.358483,20,NA,0.25,FALSE,FALSE,14,"Monday",FALSE
"PIB:Station:2102",2026-08-24 14:00:00,10,10,10,0,0,0,0,0,0,"Hinterkappelen (Bernstrasse) - Wohlen - Bern",46.968132,7.376824,20,NA,0.5,FALSE,FALSE,14,"Monday",FALSE
"PIB:Station:2103",2026-08-24 14:00:00,3,3,3,0,0,0,0,0,0,"Uettligen (Dorf) - Wohlen - Bern",46.987415,7.386673,20,NA,0.15,FALSE,FALSE,14,"Monday",FALSE
"PIB:Station:2104",2026-08-24 14:00:00,11,11,11,0,0,0,0,0,0,"Dorfmatt - Münsingen - Bern",46.873165,7.558999,30,NA,0.366666666666667,FALSE,FALSE,14,"Monday",FALSE
"PIB:Station:2105",2026-08-24 14:00:00,12,12,12,0,0,0,0,0,0,"Sandreutenen - Bern - Münsingen",46.866962,7.5502067,30,NA,0.4,FALSE,FALSE,14,"Monday",FALSE
"PIB:Station:2106",2026-08-24 14:00:00,1,1,1,0,0,0,0,0,0,"Südstrasse Biral AG - Münsingen - Bern",46.866753,7.563399,30,NA,0.0333333333333333,FALSE,FALSE,14,"Monday",FALSE
"PIB:Station:2107",2026-08-24 14:00:00,5,5,5,0,0,0,0,0,0,"Schwand - Münsingen - Bern",46.889168,7.556963,30,NA,0.166666666666667,FALSE,FALSE,14,"Monday",FALSE
"PIB:Station:2118",2026-08-24 14:00:00,3,3,3,0,0,0,0,0,0,"Bächtelenweg - Köniz - Bern",46.92571,7.4552555,50,NA,0.06,FALSE,FALSE,14,"Monday",FALSE
"PIB:Station:2119",2026-08-24 14:00:00,3,3,3,0,0,0,0,0,0,"Zentrum Bremgarten - Bremgarten - Bern",46.97549,7.4366727,50,NA,0.06,FALSE,FALSE,14,"Monday",FALSE
"PIB:Station:2160",2026-08-24 14:00:00,2,2,2,0,0,0,0,0,0,"Eyfeld - Ittigen - Bern",46.971947,7.4744816,50,NA,0.04,FALSE,FALSE,14,"Monday",FALSE
"PIB:Station:2195",2026-08-24 14:00:00,5,5,5,0,0,0,0,0,0,"Auge, Pont de Berne - Fribourg/Freiburg",46.804565,7.169452,15,NA,0.333333333333333,FALSE,FALSE,14,"Monday",FALSE
"PIB:Station:2196",2026-08-24 14:00:00,5,5,5,0,0,0,0,0,0,"Strandbad - Bern - Moosseedorf",47.01896,7.4868264,50,NA,0.1,FALSE,FALSE,14,"Monday",FALSE
"PIB:Station:2197",2026-08-24 14:00:00,12,12,12,0,0,0,0,0,0,"Kirchlindach Dorfzentrum - Bern - Kirchlindach",47.000202,7.4153414,50,NA,0.24,FALSE,FALSE,14,"Monday",FALSE
"PIB:Station:2200",2026-08-24 14:00:00,8,8,8,0,0,0,0,0,0,"Bolligen Bahnhof - Bern - Bolligen",46.970627,7.4963894,50,NA,0.16,FALSE,FALSE,14,"Monday",FALSE
"PIB:Station:2201",2026-08-24 14:00:00,8,8,8,0,0,0,0,0,0,"Reberhaus - Bern - Bolligen",46.97426,7.495913,50,NA,0.16,FALSE,FALSE,14,"Monday",FALSE
"PIB:Station:2215",2026-08-24 14:00:00,9,9,9,0,0,0,0,0,0,"Tilia - Ittigen - Bern",46.978966,7.489434,50,NA,0.18,FALSE,FALSE,14,"Monday",FALSE
"PIB:Station:2228",2026-08-24 14:00:00,3,3,3,0,0,0,0,0,0,"UPZ - Bern - Münsingen",46.880177,7.553281,50,NA,0.06,FALSE,FALSE,14,"Monday",FALSE
"PIB:Station:307",2026-08-24 14:00:00,0,0,0,0,0,0,0,0,0,"Hôtel du Rhône - Martigny",46.099976,7.071463,40,1920,0,TRUE,FALSE,14,"Monday",FALSE
"PIB:Station:480",2026-08-24 14:00:00,0,0,0,0,0,0,0,0,0,"Bernoullistrasse 30 - Basel",47.56001,7.580358,15,4056,0,TRUE,FALSE,14,"Monday",FALSE
"PIB:Station:635",2026-08-24 14:00:00,0,0,0,0,0,0,0,0,0,"Bernouillistrasse 21 - Basel",47.559483,7.58254,15,4056,0,TRUE,FALSE,14,"Monday",FALSE
