"weather_station_abbr","weather_station_name","weather_lat","weather_lon"
"ABO","Adelboden",46.491703,7.560703
"AEG","Oberägeri",47.133636,8.608206
"AIG","Aigle",46.326647,6.924472
"ALT","Altdorf",46.887069,8.621894
"AND","Andeer",46.610139,9.431981
"ANT","Andermatt",46.630914,8.580553
"ARH","Altenrhein",47.483631,9.56685
"ARO","Arosa",46.792661,9.679014
"ATT","Les Attelas",46.0991,7.26865
"BAN","Bantiger",46.977806,7.528667
"BAS","Basel / Binningen",47.541142,7.583525
"BEH","Passo del Bernina",46.409158,10.019567
"BER","Bern / Zollikofen",46.990744,7.464061
"BEZ","Beznau",47.557256,8.233325
"BIA","Biasca",46.336053,8.978197
"BIE","Bière",46.524908,6.342386
"BIN","Binn",46.367661,8.192306
"BIV","Bivio",46.462494,9.668639
"BIZ","Bischofszell / Sitterdorf",47.508828,9.266797
"BLA","Blatten, Lötschental",46.422261,7.825914
"BOL","Boltigen",46.623519,7.384206
"BOU","Bouveret",46.393447,6.857006
"BRL","La Brévine",46.983844,6.610297
"BRZ","Brienz",46.740719,8.060864
"BUF","Buffalora",46.648408,10.2672
"BUS","Buchs / Aarau",47.384381,8.07955
"CDF","La Chaux-de-Fonds",47.082947,6.792314
"CDM","Col des Mosses",46.391525,7.098239
"CEV","Cevio",46.320486,8.603161
"CGI","Nyon / Changins",46.401053,6.227722
"CHA","Chasseral",47.131761,7.054367
"CHB","Les Charbonnières",46.67015,6.312428
"CHD","Château-d'Oex",46.479819,7.139656
"CHM","Chaumont",47.049169,6.978825
"CHU","Chur",46.870572,9.530761
"CHZ","Cham",47.188278,8.464642
"CIM","Cimetta",46.200467,8.79165
"CMA","Crap Masegn",46.842275,9.180042
"COM","Acquarossa / Comprovasco",46.459517,8.935486
"COV","Piz Corvatsch",46.418039,9.821308
"COY","Courtelary",47.180811,7.090656
"CRM","Cressier",47.047581,7.059147
"DAV","Davos",46.812969,9.843558
"DEM","Delémont",47.351706,7.349567
"DIA","Les Diablerets",46.32675,7.203781
"DIS","Disentis",46.706569,8.853478
"DOL","La Dôle",46.424794,6.099453
"EBK","Ebnat-Kappel",47.273389,9.108494
"EGH","Eggishorn",46.426528,8.092728
"EGO","Egolzwil",47.179428,8.004758
"EIN","Einsiedeln",47.133042,8.756556
"ELM","Elm",46.923742,9.175347
"ENG","Engelberg",46.821639,8.410514
"EVI","Evionnaz",46.182953,7.026747
"EVO","Evolène / Villa",46.112211,7.508631
"FAH","Fahy",47.423814,6.941194
"FLU","Flühli, LU",46.889436,8.020336
"FRE","Bullet / La Frétaz",46.840622,6.576369
"FRU","Frutigen",46.599003,7.657542
"GEN","Monte Generoso",45.927592,9.017875
"GES","Gersau",46.996069,8.523442
"GIH","Giswil",46.849447,8.190225
"GLA","Glarus",47.034586,9.066961
"GOE","Gösgen",47.363147,7.973733
"GOR","Gornergrat",45.983644,7.785944
"GOS","Göschenen",46.692678,8.595364
"GRA","Fribourg / Grangeneuve",46.7714,7.113736
"GRC","Grächen",46.195314,7.836822
"GRE","Grenchen",47.179097,7.415144
"GRH","Grimsel Hospiz",46.571689,8.333256
"GRO","Grono",46.255075,9.163758
"GSB","Col du Grand St-Bernard",45.869092,7.170683
"GUE","Gütsch, Andermatt",46.652475,8.615531
"GUT","Güttingen",47.601733,9.279428
"GVE","Genève / Cointrin",46.247519,6.127742
"HAI","Salen-Reutenen",47.651242,9.023911
"HLL","Hallau",47.697278,8.470464
"HOE","Hörnli",47.370864,8.941644
"ILZ","Ilanz",46.775039,9.215353
"INT","Interlaken",46.672033,7.87045
"JUN","Jungfraujoch",46.547556,7.985444
"KLO","Zürich / Kloten",47.479611,8.535961
"KOP","Koppigen",47.11885,7.605503
"LAC","Lachen / Galgenen",47.179197,8.858686
"LAE","Lägern",47.481933,8.397222
"LAG","Langnau i.E.",46.939633,7.806425
"LAT","Bergün / Latsch",46.627275,9.753706
"LEI","Leibstadt",47.597361,8.1882
"LUG","Lugano",46.004217,8.960322
"LUZ","Luzern",47.036439,8.301022
"MAG","Magadino / Cadenazzo",46.160025,8.933672
"MAH","Mathod",46.736978,6.567983
"MAR","Les Marécottes",46.118903,7.016597
"MAS","Marsens",46.656486,7.069669
"MER","Meiringen",46.732222,8.169247
"MLS","Le Moléson",46.546197,7.017753
"MOA","Mosen",47.243847,8.232831
"MOB","Montagnier, Bagnes",46.071019,7.225272
"MOE","Möhlin",47.572197,7.877911
"MTE","Mottec",46.147897,7.624033
"MTR","Matro",46.410103,8.924742
"MUB","Mühleberg",46.973278,7.278217
"MVE","Montana",46.298806,7.460814
"NAP","Napf",47.004667,7.940117
"NAS","Naluns / Schlivera",46.817164,10.2614
"NEU","Neuchâtel",47.000067,6.953297
"OBR","Oberriet / Kriessern",47.376608,9.612706
"ORO","Oron",46.572269,6.858239
"OTL","Locarno / Monti",46.172256,8.787494
"PAY","Payerne",46.811581,6.942469
"PFA","Pfäffikon, ZH",47.376817,8.754864
"PIL","Pilatus",46.978869,8.252256
"PIO","Piotta",46.514811,8.688039
"PLF","Plaffeien",46.747717,7.266264
"PMA","Piz Martegnas",46.577181,9.529544
"PRE","St-Prex",46.483683,6.443
"PSI","Würenlingen / PSI",47.536475,8.226944
"PUY","Pully",46.512283,6.667517
"QUI","Quinten",47.128739,9.21605
"RAG","Bad Ragaz",47.016631,9.502594
"REH","Zürich / Affoltern",47.427694,8.517953
"ROB","Poschiavo / Robbia",46.347217,10.063031
"ROE","Robièi",46.443067,8.513389
"RUE","Rünenberg",47.434572,7.879414
"SAE","Säntis",47.249447,9.343469
"SAG","Sattel, SZ",47.081064,8.636967
"SAM","Samedan",46.526247,9.879469
"SBE","S. Bernardino",46.463542,9.1847
"SBO","Stabio",45.843444,8.932364
"SCM","Schmerikon",47.224933,8.9403
"SCU","Scuol",46.793275,10.283267
"SHA","Schaffhausen",47.689842,8.620142
"SIA","Segl-Maria",46.432331,9.762325
"SIM","Simplon-Dorf",46.196825,8.056336
"SIO","Sion",46.21865,7.330203
"SMA","Zürich / Fluntern",47.381003,8.567194
"SMM","Sta. Maria, Val Müstair",46.602256,10.426314
"SPF","Schüpfheim",46.947042,8.012442
"SRS","Schiers",46.975506,9.668075
"STC","St. Chrischona",47.571767,7.687094
"STG","St. Gallen",47.425475,9.398528
"STK","Steckborn",47.668628,8.981433
"TAE","Aadorf / Tänikon",47.479892,8.904928
"THU","Thun",46.749853,7.585222
"TIT","Titlis",46.770608,8.425981
"UEB","Uetliberg",47.351364,8.490225
"ULR","Ulrichen",46.504881,8.308236
"VAB","Valbella",46.755039,9.554433
"VAD","Vaduz",47.127472,9.517578
"VEV","Vevey / Corseaux",46.471239,6.815056
"VIO","Vicosoprano",46.353019,9.6278
"VIS","Visp",46.3029,7.842958
"VIT","Villars-Tiercelin",46.621778,6.710069
"VLS","Vals",46.627758,9.188711
"WAE","Wädenswil",47.220958,8.677706
"WFJ","Weissfluhjoch",46.833342,9.806397
"WYN","Wynau",47.255025,7.787475
"ZER","Zermatt",46.029272,7.752433
